origin_node,dest_node,distance_km,method,source,url,retrieved_at,confidence
MRBH,MRRJ,355.24,"great-circle (haversine, R=6371.0088 km); node coordinate = simple unweighted centroid of constituent airports for MRSP/MRRJ/MRBH, own coordinate for single-airport nodes",computed from OurAirports coordinates + ADR-0001 node definitions,https://davidmegginson.github.io/ourairports-data/airports.csv,2026-09-05,A
MRBH,MRSP,494.78,"great-circle (haversine, R=6371.0088 km); node coordinate = simple unweighted centroid of constituent airports for MRSP/MRRJ/MRBH, own coordinate for single-airport nodes",computed from OurAirports coordinates + ADR-0001 node definitions,https://davidmegginson.github.io/ourairports-data/airports.csv,2026-09-05,A
MRBH,SBAR,1221.64,"great-circle (haversine, R=6371.0088 km); node coordinate = simple unweighted centroid of constituent airports for MRSP/MRRJ/MRBH, own coordinate for single-airport nodes",computed from OurAirports coordinates + ADR-0001 node definitions,https://davidmegginson.github.io/ourairports-data/airports.csv,2026-09-05,A
MRBH,SBBE,2100.29,"great-circle (haversine, R=6371.0088 km); node coordinate = simple unweighted centroid of constituent airports for MRSP/MRRJ/MRBH, own coordinate for single-airport nodes",computed from OurAirports coordinates + ADR-0001 node definitions,https://davidmegginson.github.io/ourairports-data/airports.csv,2026-09-05,A
MRBH,SBBR,601.19,"great-circle (haversine, R=6371.0088 km); node coordinate = simple unweighted centroid of constituent airports for MRSP/MRRJ/MRBH, own coordinate for single-airport nodes",computed from OurAirports coordinates + ADR-0001 node definitions,https://davidmegginson.github.io/ourairports-data/airports.csv,2026-09-05,A
MRBH,SBBV,3106.21,"great-circle (haversine, R=6371.0088 km); node coordinate = simple unweighted centroid of constituent airports for MRSP/MRRJ/MRBH, own coordinate for single-airport nodes",computed from OurAirports coordinates + ADR-0001 node definitions,https://davidmegginson.github.io/ourairports-data/airports.csv,2026-09-05,A
MRBH,SBCG,1121.59,"great-circle (haversine, R=6371.0088 km); node coordinate = simple unweighted centroid of constituent airports for MRSP/MRRJ/MRBH, own coordinate for single-airport nodes",computed from OurAirports coordinates + ADR-0001 node definitions,https://davidmegginson.github.io/ourairports-data/airports.csv,2026-09-05,A
MRBH,SBCT,836.73,"great-circle (haversine, R=6371.0088 km); node coordinate = simple unweighted centroid of constituent airports for MRSP/MRRJ/MRBH, own coordinate for single-airport nodes",computed from OurAirports coordinates + ADR-0001 node definitions,https://davidmegginson.github.io/ourairports-data/airports.csv,2026-09-05,A
MRBH,SBCY,1365.34,"great-circle (haversine, R=6371.0088 km); node coordinate = simple unweighted centroid of constituent airports for MRSP/MRRJ/MRBH, own coordinate for single-airport nodes",computed from OurAirports coordinates + ADR-0001 node definitions,https://davidmegginson.github.io/ourairports-data/airports.csv,2026-09-05,A
MRBH,SBEG,2549.79,"great-circle (haversine, R=6371.0088 km); node coordinate = simple unweighted centroid of constituent airports for MRSP/MRRJ/MRBH, own coordinate for single-airport nodes",computed from OurAirports coordinates + ADR-0001 node definitions,https://davidmegginson.github.io/ourairports-data/airports.csv,2026-09-05,A
MRBH,SBFL,997.57,"great-circle (haversine, R=6371.0088 km); node coordinate = simple unweighted centroid of constituent airports for MRSP/MRRJ/MRBH, own coordinate for single-airport nodes",computed from OurAirports coordinates + ADR-0001 node definitions,https://davidmegginson.github.io/ourairports-data/airports.csv,2026-09-05,A
MRBH,SBFZ,1870.5,"great-circle (haversine, R=6371.0088 km); node coordinate = simple unweighted centroid of constituent airports for MRSP/MRRJ/MRBH, own coordinate for single-airport nodes",computed from OurAirports coordinates + ADR-0001 node definitions,https://davidmegginson.github.io/ourairports-data/airports.csv,2026-09-05,A
MRBH,SBGO,654.65,"great-circle (haversine, R=6371.0088 km); node coordinate = simple unweighted centroid of constituent airports for MRSP/MRRJ/MRBH, own coordinate for single-airport nodes",computed from OurAirports coordinates + ADR-0001 node definitions,https://davidmegginson.github.io/ourairports-data/airports.csv,2026-09-05,A
MRBH,SBJP,1704.62,"great-circle (haversine, R=6371.0088 km); node coordinate = simple unweighted centroid of constituent airports for MRSP/MRRJ/MRBH, own coordinate for single-airport nodes",computed from OurAirports coordinates + ADR-0001 node definitions,https://davidmegginson.github.io/ourairports-data/airports.csv,2026-09-05,A
MRBH,SBMO,1436.54,"great-circle (haversine, R=6371.0088 km); node coordinate = simple unweighted centroid of constituent airports for MRSP/MRRJ/MRBH, own coordinate for single-airport nodes",computed from OurAirports coordinates + ADR-0001 node definitions,https://davidmegginson.github.io/ourairports-data/airports.csv,2026-09-05,A
MRBH,SBMQ,2333.47,"great-circle (haversine, R=6371.0088 km); node coordinate = simple unweighted centroid of constituent airports for MRSP/MRRJ/MRBH, own coordinate for single-airport nodes",computed from OurAirports coordinates + ADR-0001 node definitions,https://davidmegginson.github.io/ourairports-data/airports.csv,2026-09-05,A
MRBH,SBNT,1803.44,"great-circle (haversine, R=6371.0088 km); node coordinate = simple unweighted centroid of constituent airports for MRSP/MRRJ/MRBH, own coordinate for single-airport nodes",computed from OurAirports coordinates + ADR-0001 node definitions,https://davidmegginson.github.io/ourairports-data/airports.csv,2026-09-05,A
MRBH,SBPA,1351.18,"great-circle (haversine, R=6371.0088 km); node coordinate = simple unweighted centroid of constituent airports for MRSP/MRRJ/MRBH, own coordinate for single-airport nodes",computed from OurAirports coordinates + ADR-0001 node definitions,https://davidmegginson.github.io/ourairports-data/airports.csv,2026-09-05,A
MRBH,SBPJ,1151.99,"great-circle (haversine, R=6371.0088 km); node coordinate = simple unweighted centroid of constituent airports for MRSP/MRRJ/MRBH, own coordinate for single-airport nodes",computed from OurAirports coordinates + ADR-0001 node definitions,https://davidmegginson.github.io/ourairports-data/airports.csv,2026-09-05,A
MRBH,SBPV,2471.14,"great-circle (haversine, R=6371.0088 km); node coordinate = simple unweighted centroid of constituent airports for MRSP/MRRJ/MRBH, own coordinate for single-airport nodes",computed from OurAirports coordinates + ADR-0001 node definitions,https://davidmegginson.github.io/ourairports-data/airports.csv,2026-09-05,A
MRBH,SBRB,2792.88,"great-circle (haversine, R=6371.0088 km); node coordinate = simple unweighted centroid of constituent airports for MRSP/MRRJ/MRBH, own coordinate for single-airport nodes",computed from OurAirports coordinates + ADR-0001 node definitions,https://davidmegginson.github.io/ourairports-data/airports.csv,2026-09-05,A
MRBH,SBRF,1617.16,"great-circle (haversine, R=6371.0088 km); node coordinate = simple unweighted centroid of constituent airports for MRSP/MRRJ/MRBH, own coordinate for single-airport nodes",computed from OurAirports coordinates + ADR-0001 node definitions,https://davidmegginson.github.io/ourairports-data/airports.csv,2026-09-05,A
MRBH,SBSL,1907.99,"great-circle (haversine, R=6371.0088 km); node coordinate = simple unweighted centroid of constituent airports for MRSP/MRRJ/MRBH, own coordinate for single-airport nodes",computed from OurAirports coordinates + ADR-0001 node definitions,https://davidmegginson.github.io/ourairports-data/airports.csv,2026-09-05,A
MRBH,SBSV,968.88,"great-circle (haversine, R=6371.0088 km); node coordinate = simple unweighted centroid of constituent airports for MRSP/MRRJ/MRBH, own coordinate for single-airport nodes",computed from OurAirports coordinates + ADR-0001 node definitions,https://davidmegginson.github.io/ourairports-data/airports.csv,2026-09-05,A
MRBH,SBTE,1637.29,"great-circle (haversine, R=6371.0088 km); node coordinate = simple unweighted centroid of constituent airports for MRSP/MRRJ/MRBH, own coordinate for single-airport nodes",computed from OurAirports coordinates + ADR-0001 node definitions,https://davidmegginson.github.io/ourairports-data/airports.csv,2026-09-05,A
MRBH,SBVT,388.09,"great-circle (haversine, R=6371.0088 km); node coordinate = simple unweighted centroid of constituent airports for MRSP/MRRJ/MRBH, own coordinate for single-airport nodes",computed from OurAirports coordinates + ADR-0001 node definitions,https://davidmegginson.github.io/ourairports-data/airports.csv,2026-09-05,A
MRRJ,MRBH,355.24,"great-circle (haversine, R=6371.0088 km); node coordinate = simple unweighted centroid of constituent airports for MRSP/MRRJ/MRBH, own coordinate for single-airport nodes",computed from OurAirports coordinates + ADR-0001 node definitions,https://davidmegginson.github.io/ourairports-data/airports.csv,2026-09-05,A
MRRJ,MRSP,366.84,"great-circle (haversine, R=6371.0088 km); node coordinate = simple unweighted centroid of constituent airports for MRSP/MRRJ/MRBH, own coordinate for single-airport nodes",computed from OurAirports coordinates + ADR-0001 node definitions,https://davidmegginson.github.io/ourairports-data/airports.csv,2026-09-05,A
MRRJ,SBAR,1472.32,"great-circle (haversine, R=6371.0088 km); node coordinate = simple unweighted centroid of constituent airports for MRSP/MRRJ/MRBH, own coordinate for single-airport nodes",computed from OurAirports coordinates + ADR-0001 node definitions,https://davidmegginson.github.io/ourairports-data/airports.csv,2026-09-05,A
MRRJ,SBBE,2455.42,"great-circle (haversine, R=6371.0088 km); node coordinate = simple unweighted centroid of constituent airports for MRSP/MRRJ/MRBH, own coordinate for single-airport nodes",computed from OurAirports coordinates + ADR-0001 node definitions,https://davidmegginson.github.io/ourairports-data/airports.csv,2026-09-05,A
MRRJ,SBBR,921.11,"great-circle (haversine, R=6371.0088 km); node coordinate = simple unweighted centroid of constituent airports for MRSP/MRRJ/MRBH, own coordinate for single-airport nodes",computed from OurAirports coordinates + ADR-0001 node definitions,https://davidmegginson.github.io/ourairports-data/airports.csv,2026-09-05,A
MRRJ,SBBV,3430.39,"great-circle (haversine, R=6371.0088 km); node coordinate = simple unweighted centroid of constituent airports for MRSP/MRRJ/MRBH, own coordinate for single-airport nodes",computed from OurAirports coordinates + ADR-0001 node definitions,https://davidmegginson.github.io/ourairports-data/airports.csv,2026-09-05,A
MRRJ,SBCG,1214.08,"great-circle (haversine, R=6371.0088 km); node coordinate = simple unweighted centroid of constituent airports for MRSP/MRRJ/MRBH, own coordinate for single-airport nodes",computed from OurAirports coordinates + ADR-0001 node definitions,https://davidmegginson.github.io/ourairports-data/airports.csv,2026-09-05,A
MRRJ,SBCT,674.11,"great-circle (haversine, R=6371.0088 km); node coordinate = simple unweighted centroid of constituent airports for MRSP/MRRJ/MRBH, own coordinate for single-airport nodes",computed from OurAirports coordinates + ADR-0001 node definitions,https://davidmegginson.github.io/ourairports-data/airports.csv,2026-09-05,A
MRRJ,SBCY,1573.12,"great-circle (haversine, R=6371.0088 km); node coordinate = simple unweighted centroid of constituent airports for MRSP/MRRJ/MRBH, own coordinate for single-airport nodes",computed from OurAirports coordinates + ADR-0001 node definitions,https://davidmegginson.github.io/ourairports-data/airports.csv,2026-09-05,A
MRRJ,SBEG,2854.73,"great-circle (haversine, R=6371.0088 km); node coordinate = simple unweighted centroid of constituent airports for MRSP/MRRJ/MRBH, own coordinate for single-airport nodes",computed from OurAirports coordinates + ADR-0001 node definitions,https://davidmegginson.github.io/ourairports-data/airports.csv,2026-09-05,A
MRRJ,SBFL,758.11,"great-circle (haversine, R=6371.0088 km); node coordinate = simple unweighted centroid of constituent airports for MRSP/MRRJ/MRBH, own coordinate for single-airport nodes",computed from OurAirports coordinates + ADR-0001 node definitions,https://davidmegginson.github.io/ourairports-data/airports.csv,2026-09-05,A
MRRJ,SBFZ,2180.9,"great-circle (haversine, R=6371.0088 km); node coordinate = simple unweighted centroid of constituent airports for MRSP/MRRJ/MRBH, own coordinate for single-airport nodes",computed from OurAirports coordinates + ADR-0001 node definitions,https://davidmegginson.github.io/ourairports-data/airports.csv,2026-09-05,A
MRRJ,SBGO,935.52,"great-circle (haversine, R=6371.0088 km); node coordinate = simple unweighted centroid of constituent airports for MRSP/MRRJ/MRBH, own coordinate for single-airport nodes",computed from OurAirports coordinates + ADR-0001 node definitions,https://davidmegginson.github.io/ourairports-data/airports.csv,2026-09-05,A
MRRJ,SBJP,1957.64,"great-circle (haversine, R=6371.0088 km); node coordinate = simple unweighted centroid of constituent airports for MRSP/MRRJ/MRBH, own coordinate for single-airport nodes",computed from OurAirports coordinates + ADR-0001 node definitions,https://davidmegginson.github.io/ourairports-data/airports.csv,2026-09-05,A
MRRJ,SBMO,1681.12,"great-circle (haversine, R=6371.0088 km); node coordinate = simple unweighted centroid of constituent airports for MRSP/MRRJ/MRBH, own coordinate for single-airport nodes",computed from OurAirports coordinates + ADR-0001 node definitions,https://davidmegginson.github.io/ourairports-data/airports.csv,2026-09-05,A
MRRJ,SBMQ,2685.9,"great-circle (haversine, R=6371.0088 km); node coordinate = simple unweighted centroid of constituent airports for MRSP/MRRJ/MRBH, own coordinate for single-airport nodes",computed from OurAirports coordinates + ADR-0001 node definitions,https://davidmegginson.github.io/ourairports-data/airports.csv,2026-09-05,A
MRRJ,SBNT,2068.86,"great-circle (haversine, R=6371.0088 km); node coordinate = simple unweighted centroid of constituent airports for MRSP/MRRJ/MRBH, own coordinate for single-airport nodes",computed from OurAirports coordinates + ADR-0001 node definitions,https://davidmegginson.github.io/ourairports-data/airports.csv,2026-09-05,A
MRRJ,SBPA,1120.71,"great-circle (haversine, R=6371.0088 km); node coordinate = simple unweighted centroid of constituent airports for MRSP/MRRJ/MRBH, own coordinate for single-airport nodes",computed from OurAirports coordinates + ADR-0001 node definitions,https://davidmegginson.github.io/ourairports-data/airports.csv,2026-09-05,A
MRRJ,SBPJ,1500.98,"great-circle (haversine, R=6371.0088 km); node coordinate = simple unweighted centroid of constituent airports for MRSP/MRRJ/MRBH, own coordinate for single-airport nodes",computed from OurAirports coordinates + ADR-0001 node definitions,https://davidmegginson.github.io/ourairports-data/airports.csv,2026-09-05,A
MRRJ,SBPV,2710.18,"great-circle (haversine, R=6371.0088 km); node coordinate = simple unweighted centroid of constituent airports for MRSP/MRRJ/MRBH, own coordinate for single-airport nodes",computed from OurAirports coordinates + ADR-0001 node definitions,https://davidmegginson.github.io/ourairports-data/airports.csv,2026-09-05,A
MRRJ,SBRB,2996.31,"great-circle (haversine, R=6371.0088 km); node coordinate = simple unweighted centroid of constituent airports for MRSP/MRRJ/MRBH, own coordinate for single-airport nodes",computed from OurAirports coordinates + ADR-0001 node definitions,https://davidmegginson.github.io/ourairports-data/airports.csv,2026-09-05,A
MRRJ,SBRF,1861.76,"great-circle (haversine, R=6371.0088 km); node coordinate = simple unweighted centroid of constituent airports for MRSP/MRRJ/MRBH, own coordinate for single-airport nodes",computed from OurAirports coordinates + ADR-0001 node definitions,https://davidmegginson.github.io/ourairports-data/airports.csv,2026-09-05,A
MRRJ,SBSL,2257.07,"great-circle (haversine, R=6371.0088 km); node coordinate = simple unweighted centroid of constituent airports for MRSP/MRRJ/MRBH, own coordinate for single-airport nodes",computed from OurAirports coordinates + ADR-0001 node definitions,https://davidmegginson.github.io/ourairports-data/airports.csv,2026-09-05,A
MRRJ,SBSV,1220.96,"great-circle (haversine, R=6371.0088 km); node coordinate = simple unweighted centroid of constituent airports for MRSP/MRRJ/MRBH, own coordinate for single-airport nodes",computed from OurAirports coordinates + ADR-0001 node definitions,https://davidmegginson.github.io/ourairports-data/airports.csv,2026-09-05,A
MRRJ,SBTE,1979.69,"great-circle (haversine, R=6371.0088 km); node coordinate = simple unweighted centroid of constituent airports for MRSP/MRRJ/MRBH, own coordinate for single-airport nodes",computed from OurAirports coordinates + ADR-0001 node definitions,https://davidmegginson.github.io/ourairports-data/airports.csv,2026-09-05,A
MRRJ,SBVT,418.32,"great-circle (haversine, R=6371.0088 km); node coordinate = simple unweighted centroid of constituent airports for MRSP/MRRJ/MRBH, own coordinate for single-airport nodes",computed from OurAirports coordinates + ADR-0001 node definitions,https://davidmegginson.github.io/ourairports-data/airports.csv,2026-09-05,A
MRSP,MRBH,494.78,"great-circle (haversine, R=6371.0088 km); node coordinate = simple unweighted centroid of constituent airports for MRSP/MRRJ/MRBH, own coordinate for single-airport nodes",computed from OurAirports coordinates + ADR-0001 node definitions,https://davidmegginson.github.io/ourairports-data/airports.csv,2026-09-05,A
MRSP,MRRJ,366.84,"great-circle (haversine, R=6371.0088 km); node coordinate = simple unweighted centroid of constituent airports for MRSP/MRRJ/MRBH, own coordinate for single-airport nodes",computed from OurAirports coordinates + ADR-0001 node definitions,https://davidmegginson.github.io/ourairports-data/airports.csv,2026-09-05,A
MRSP,SBAR,1715.96,"great-circle (haversine, R=6371.0088 km); node coordinate = simple unweighted centroid of constituent airports for MRSP/MRRJ/MRBH, own coordinate for single-airport nodes",computed from OurAirports coordinates + ADR-0001 node definitions,https://davidmegginson.github.io/ourairports-data/airports.csv,2026-09-05,A
MRSP,SBBE,2450.7,"great-circle (haversine, R=6371.0088 km); node coordinate = simple unweighted centroid of constituent airports for MRSP/MRRJ/MRBH, own coordinate for single-airport nodes",computed from OurAirports coordinates + ADR-0001 node definitions,https://davidmegginson.github.io/ourairports-data/airports.csv,2026-09-05,A
MRSP,SBBR,841.36,"great-circle (haversine, R=6371.0088 km); node coordinate = simple unweighted centroid of constituent airports for MRSP/MRRJ/MRBH, own coordinate for single-airport nodes",computed from OurAirports coordinates + ADR-0001 node definitions,https://davidmegginson.github.io/ourairports-data/airports.csv,2026-09-05,A
MRSP,SBBV,3281.62,"great-circle (haversine, R=6371.0088 km); node coordinate = simple unweighted centroid of constituent airports for MRSP/MRRJ/MRBH, own coordinate for single-airport nodes",computed from OurAirports coordinates + ADR-0001 node definitions,https://davidmegginson.github.io/ourairports-data/airports.csv,2026-09-05,A
MRSP,SBCG,877.67,"great-circle (haversine, R=6371.0088 km); node coordinate = simple unweighted centroid of constituent airports for MRSP/MRRJ/MRBH, own coordinate for single-airport nodes",computed from OurAirports coordinates + ADR-0001 node definitions,https://davidmegginson.github.io/ourairports-data/airports.csv,2026-09-05,A
MRSP,SBCT,344.27,"great-circle (haversine, R=6371.0088 km); node coordinate = simple unweighted centroid of constituent airports for MRSP/MRRJ/MRBH, own coordinate for single-airport nodes",computed from OurAirports coordinates + ADR-0001 node definitions,https://davidmegginson.github.io/ourairports-data/airports.csv,2026-09-05,A
MRSP,SBCY,1301.76,"great-circle (haversine, R=6371.0088 km); node coordinate = simple unweighted centroid of constituent airports for MRSP/MRRJ/MRBH, own coordinate for single-airport nodes",computed from OurAirports coordinates + ADR-0001 node definitions,https://davidmegginson.github.io/ourairports-data/airports.csv,2026-09-05,A
MRSP,SBEG,2673.93,"great-circle (haversine, R=6371.0088 km); node coordinate = simple unweighted centroid of constituent airports for MRSP/MRRJ/MRBH, own coordinate for single-airport nodes",computed from OurAirports coordinates + ADR-0001 node definitions,https://davidmegginson.github.io/ourairports-data/airports.csv,2026-09-05,A
MRSP,SBFL,512.62,"great-circle (haversine, R=6371.0088 km); node coordinate = simple unweighted centroid of constituent airports for MRSP/MRRJ/MRBH, own coordinate for single-airport nodes",computed from OurAirports coordinates + ADR-0001 node definitions,https://davidmegginson.github.io/ourairports-data/airports.csv,2026-09-05,A
MRSP,SBFZ,2349.58,"great-circle (haversine, R=6371.0088 km); node coordinate = simple unweighted centroid of constituent airports for MRSP/MRRJ/MRBH, own coordinate for single-airport nodes",computed from OurAirports coordinates + ADR-0001 node definitions,https://davidmegginson.github.io/ourairports-data/airports.csv,2026-09-05,A
MRSP,SBGO,790.76,"great-circle (haversine, R=6371.0088 km); node coordinate = simple unweighted centroid of constituent airports for MRSP/MRRJ/MRBH, own coordinate for single-airport nodes",computed from OurAirports coordinates + ADR-0001 node definitions,https://davidmegginson.github.io/ourairports-data/airports.csv,2026-09-05,A
MRSP,SBJP,2199.37,"great-circle (haversine, R=6371.0088 km); node coordinate = simple unweighted centroid of constituent airports for MRSP/MRRJ/MRBH, own coordinate for single-airport nodes",computed from OurAirports coordinates + ADR-0001 node definitions,https://davidmegginson.github.io/ourairports-data/airports.csv,2026-09-05,A
MRSP,SBMO,1930.6,"great-circle (haversine, R=6371.0088 km); node coordinate = simple unweighted centroid of constituent airports for MRSP/MRRJ/MRBH, own coordinate for single-airport nodes",computed from OurAirports coordinates + ADR-0001 node definitions,https://davidmegginson.github.io/ourairports-data/airports.csv,2026-09-05,A
MRSP,SBMQ,2644.15,"great-circle (haversine, R=6371.0088 km); node coordinate = simple unweighted centroid of constituent airports for MRSP/MRRJ/MRBH, own coordinate for single-airport nodes",computed from OurAirports coordinates + ADR-0001 node definitions,https://davidmegginson.github.io/ourairports-data/airports.csv,2026-09-05,A
MRSP,SBNT,2297.82,"great-circle (haversine, R=6371.0088 km); node coordinate = simple unweighted centroid of constituent airports for MRSP/MRRJ/MRBH, own coordinate for single-airport nodes",computed from OurAirports coordinates + ADR-0001 node definitions,https://davidmegginson.github.io/ourairports-data/airports.csv,2026-09-05,A
MRSP,SBPA,858.42,"great-circle (haversine, R=6371.0088 km); node coordinate = simple unweighted centroid of constituent airports for MRSP/MRRJ/MRBH, own coordinate for single-airport nodes",computed from OurAirports coordinates + ADR-0001 node definitions,https://davidmegginson.github.io/ourairports-data/airports.csv,2026-09-05,A
MRSP,SBPJ,1462.59,"great-circle (haversine, R=6371.0088 km); node coordinate = simple unweighted centroid of constituent airports for MRSP/MRRJ/MRBH, own coordinate for single-airport nodes",computed from OurAirports coordinates + ADR-0001 node definitions,https://davidmegginson.github.io/ourairports-data/airports.csv,2026-09-05,A
MRSP,SBPV,2446.78,"great-circle (haversine, R=6371.0088 km); node coordinate = simple unweighted centroid of constituent airports for MRSP/MRRJ/MRBH, own coordinate for single-airport nodes",computed from OurAirports coordinates + ADR-0001 node definitions,https://davidmegginson.github.io/ourairports-data/airports.csv,2026-09-05,A
MRSP,SBRB,2699.77,"great-circle (haversine, R=6371.0088 km); node coordinate = simple unweighted centroid of constituent airports for MRSP/MRRJ/MRBH, own coordinate for single-airport nodes",computed from OurAirports coordinates + ADR-0001 node definitions,https://davidmegginson.github.io/ourairports-data/airports.csv,2026-09-05,A
MRSP,SBRF,2111.42,"great-circle (haversine, R=6371.0088 km); node coordinate = simple unweighted centroid of constituent airports for MRSP/MRRJ/MRBH, own coordinate for single-airport nodes",computed from OurAirports coordinates + ADR-0001 node definitions,https://davidmegginson.github.io/ourairports-data/airports.csv,2026-09-05,A
MRSP,SBSL,2325.28,"great-circle (haversine, R=6371.0088 km); node coordinate = simple unweighted centroid of constituent airports for MRSP/MRRJ/MRBH, own coordinate for single-airport nodes",computed from OurAirports coordinates + ADR-0001 node definitions,https://davidmegginson.github.io/ourairports-data/airports.csv,2026-09-05,A
MRSP,SBSV,1462.88,"great-circle (haversine, R=6371.0088 km); node coordinate = simple unweighted centroid of constituent airports for MRSP/MRRJ/MRBH, own coordinate for single-airport nodes",computed from OurAirports coordinates + ADR-0001 node definitions,https://davidmegginson.github.io/ourairports-data/airports.csv,2026-09-05,A
MRSP,SBTE,2077.52,"great-circle (haversine, R=6371.0088 km); node coordinate = simple unweighted centroid of constituent airports for MRSP/MRRJ/MRBH, own coordinate for single-airport nodes",computed from OurAirports coordinates + ADR-0001 node definitions,https://davidmegginson.github.io/ourairports-data/airports.csv,2026-09-05,A
MRSP,SBVT,751.19,"great-circle (haversine, R=6371.0088 km); node coordinate = simple unweighted centroid of constituent airports for MRSP/MRRJ/MRBH, own coordinate for single-airport nodes",computed from OurAirports coordinates + ADR-0001 node definitions,https://davidmegginson.github.io/ourairports-data/airports.csv,2026-09-05,A
SBAR,MRBH,1221.64,"great-circle (haversine, R=6371.0088 km); node coordinate = simple unweighted centroid of constituent airports for MRSP/MRRJ/MRBH, own coordinate for single-airport nodes",computed from OurAirports coordinates + ADR-0001 node definitions,https://davidmegginson.github.io/ourairports-data/airports.csv,2026-09-05,A
SBAR,MRRJ,1472.32,"great-circle (haversine, R=6371.0088 km); node coordinate = simple unweighted centroid of constituent airports for MRSP/MRRJ/MRBH, own coordinate for single-airport nodes",computed from OurAirports coordinates + ADR-0001 node definitions,https://davidmegginson.github.io/ourairports-data/airports.csv,2026-09-05,A
SBAR,MRSP,1715.96,"great-circle (haversine, R=6371.0088 km); node coordinate = simple unweighted centroid of constituent airports for MRSP/MRRJ/MRBH, own coordinate for single-airport nodes",computed from OurAirports coordinates + ADR-0001 node definitions,https://davidmegginson.github.io/ourairports-data/airports.csv,2026-09-05,A
SBAR,SBBE,1651.02,"great-circle (haversine, R=6371.0088 km); node coordinate = simple unweighted centroid of constituent airports for MRSP/MRRJ/MRBH, own coordinate for single-airport nodes",computed from OurAirports coordinates + ADR-0001 node definitions,https://davidmegginson.github.io/ourairports-data/airports.csv,2026-09-05,A
SBAR,SBBR,1292.46,"great-circle (haversine, R=6371.0088 km); node coordinate = simple unweighted centroid of constituent airports for MRSP/MRRJ/MRBH, own coordinate for single-airport nodes",computed from OurAirports coordinates + ADR-0001 node definitions,https://davidmegginson.github.io/ourairports-data/airports.csv,2026-09-05,A
SBAR,SBBV,3031.93,"great-circle (haversine, R=6371.0088 km); node coordinate = simple unweighted centroid of constituent airports for MRSP/MRRJ/MRBH, own coordinate for single-airport nodes",computed from OurAirports coordinates + ADR-0001 node definitions,https://davidmegginson.github.io/ourairports-data/airports.csv,2026-09-05,A
SBAR,SBCG,2156.27,"great-circle (haversine, R=6371.0088 km); node coordinate = simple unweighted centroid of constituent airports for MRSP/MRRJ/MRBH, own coordinate for single-airport nodes",computed from OurAirports coordinates + ADR-0001 node definitions,https://davidmegginson.github.io/ourairports-data/airports.csv,2026-09-05,A
SBAR,SBCT,2058.33,"great-circle (haversine, R=6371.0088 km); node coordinate = simple unweighted centroid of constituent airports for MRSP/MRRJ/MRBH, own coordinate for single-airport nodes",computed from OurAirports coordinates + ADR-0001 node definitions,https://davidmegginson.github.io/ourairports-data/airports.csv,2026-09-05,A
SBAR,SBCY,2123.88,"great-circle (haversine, R=6371.0088 km); node coordinate = simple unweighted centroid of constituent airports for MRSP/MRRJ/MRBH, own coordinate for single-airport nodes",computed from OurAirports coordinates + ADR-0001 node definitions,https://davidmegginson.github.io/ourairports-data/airports.csv,2026-09-05,A
SBAR,SBEG,2683.05,"great-circle (haversine, R=6371.0088 km); node coordinate = simple unweighted centroid of constituent airports for MRSP/MRRJ/MRBH, own coordinate for single-airport nodes",computed from OurAirports coordinates + ADR-0001 node definitions,https://davidmegginson.github.io/ourairports-data/airports.csv,2026-09-05,A
SBAR,SBFL,2208.83,"great-circle (haversine, R=6371.0088 km); node coordinate = simple unweighted centroid of constituent airports for MRSP/MRRJ/MRBH, own coordinate for single-airport nodes",computed from OurAirports coordinates + ADR-0001 node definitions,https://davidmegginson.github.io/ourairports-data/airports.csv,2026-09-05,A
SBAR,SBFZ,817.48,"great-circle (haversine, R=6371.0088 km); node coordinate = simple unweighted centroid of constituent airports for MRSP/MRRJ/MRBH, own coordinate for single-airport nodes",computed from OurAirports coordinates + ADR-0001 node definitions,https://davidmegginson.github.io/ourairports-data/airports.csv,2026-09-05,A
SBAR,SBGO,1453.64,"great-circle (haversine, R=6371.0088 km); node coordinate = simple unweighted centroid of constituent airports for MRSP/MRRJ/MRBH, own coordinate for single-airport nodes",computed from OurAirports coordinates + ADR-0001 node definitions,https://davidmegginson.github.io/ourairports-data/airports.csv,2026-09-05,A
SBAR,SBJP,485.96,"great-circle (haversine, R=6371.0088 km); node coordinate = simple unweighted centroid of constituent airports for MRSP/MRRJ/MRBH, own coordinate for single-airport nodes",computed from OurAirports coordinates + ADR-0001 node definitions,https://davidmegginson.github.io/ourairports-data/airports.csv,2026-09-05,A
SBAR,SBMO,215.44,"great-circle (haversine, R=6371.0088 km); node coordinate = simple unweighted centroid of constituent airports for MRSP/MRRJ/MRBH, own coordinate for single-airport nodes",computed from OurAirports coordinates + ADR-0001 node definitions,https://davidmegginson.github.io/ourairports-data/airports.csv,2026-09-05,A
SBAR,SBMQ,1974.58,"great-circle (haversine, R=6371.0088 km); node coordinate = simple unweighted centroid of constituent airports for MRSP/MRRJ/MRBH, own coordinate for single-airport nodes",computed from OurAirports coordinates + ADR-0001 node definitions,https://davidmegginson.github.io/ourairports-data/airports.csv,2026-09-05,A
SBAR,SBNT,598.68,"great-circle (haversine, R=6371.0088 km); node coordinate = simple unweighted centroid of constituent airports for MRSP/MRRJ/MRBH, own coordinate for single-airport nodes",computed from OurAirports coordinates + ADR-0001 node definitions,https://davidmegginson.github.io/ourairports-data/airports.csv,2026-09-05,A
SBAR,SBPA,2567.89,"great-circle (haversine, R=6371.0088 km); node coordinate = simple unweighted centroid of constituent airports for MRSP/MRRJ/MRBH, own coordinate for single-airport nodes",computed from OurAirports coordinates + ADR-0001 node definitions,https://davidmegginson.github.io/ourairports-data/airports.csv,2026-09-05,A
SBAR,SBPJ,1235.5,"great-circle (haversine, R=6371.0088 km); node coordinate = simple unweighted centroid of constituent airports for MRSP/MRRJ/MRBH, own coordinate for single-airport nodes",computed from OurAirports coordinates + ADR-0001 node definitions,https://davidmegginson.github.io/ourairports-data/airports.csv,2026-09-05,A
SBAR,SBPV,2949.22,"great-circle (haversine, R=6371.0088 km); node coordinate = simple unweighted centroid of constituent airports for MRSP/MRRJ/MRBH, own coordinate for single-airport nodes",computed from OurAirports coordinates + ADR-0001 node definitions,https://davidmegginson.github.io/ourairports-data/airports.csv,2026-09-05,A
SBAR,SBRB,3371.42,"great-circle (haversine, R=6371.0088 km); node coordinate = simple unweighted centroid of constituent airports for MRSP/MRRJ/MRBH, own coordinate for single-airport nodes",computed from OurAirports coordinates + ADR-0001 node definitions,https://davidmegginson.github.io/ourairports-data/airports.csv,2026-09-05,A
SBAR,SBRF,395.53,"great-circle (haversine, R=6371.0088 km); node coordinate = simple unweighted centroid of constituent airports for MRSP/MRRJ/MRBH, own coordinate for single-airport nodes",computed from OurAirports coordinates + ADR-0001 node definitions,https://davidmegginson.github.io/ourairports-data/airports.csv,2026-09-05,A
SBAR,SBSL,1223.16,"great-circle (haversine, R=6371.0088 km); node coordinate = simple unweighted centroid of constituent airports for MRSP/MRRJ/MRBH, own coordinate for single-airport nodes",computed from OurAirports coordinates + ADR-0001 node definitions,https://davidmegginson.github.io/ourairports-data/airports.csv,2026-09-05,A
SBAR,SBSV,253.54,"great-circle (haversine, R=6371.0088 km); node coordinate = simple unweighted centroid of constituent airports for MRSP/MRRJ/MRBH, own coordinate for single-airport nodes",computed from OurAirports coordinates + ADR-0001 node definitions,https://davidmegginson.github.io/ourairports-data/airports.csv,2026-09-05,A
SBAR,SBTE,913.47,"great-circle (haversine, R=6371.0088 km); node coordinate = simple unweighted centroid of constituent airports for MRSP/MRRJ/MRBH, own coordinate for single-airport nodes",computed from OurAirports coordinates + ADR-0001 node definitions,https://davidmegginson.github.io/ourairports-data/airports.csv,2026-09-05,A
SBAR,SBVT,1086.94,"great-circle (haversine, R=6371.0088 km); node coordinate = simple unweighted centroid of constituent airports for MRSP/MRRJ/MRBH, own coordinate for single-airport nodes",computed from OurAirports coordinates + ADR-0001 node definitions,https://davidmegginson.github.io/ourairports-data/airports.csv,2026-09-05,A
SBBE,MRBH,2100.29,"great-circle (haversine, R=6371.0088 km); node coordinate = simple unweighted centroid of constituent airports for MRSP/MRRJ/MRBH, own coordinate for single-airport nodes",computed from OurAirports coordinates + ADR-0001 node definitions,https://davidmegginson.github.io/ourairports-data/airports.csv,2026-09-05,A
SBBE,MRRJ,2455.42,"great-circle (haversine, R=6371.0088 km); node coordinate = simple unweighted centroid of constituent airports for MRSP/MRRJ/MRBH, own coordinate for single-airport nodes",computed from OurAirports coordinates + ADR-0001 node definitions,https://davidmegginson.github.io/ourairports-data/airports.csv,2026-09-05,A
SBBE,MRSP,2450.7,"great-circle (haversine, R=6371.0088 km); node coordinate = simple unweighted centroid of constituent airports for MRSP/MRRJ/MRBH, own coordinate for single-airport nodes",computed from OurAirports coordinates + ADR-0001 node definitions,https://davidmegginson.github.io/ourairports-data/airports.csv,2026-09-05,A
SBBE,SBAR,1651.02,"great-circle (haversine, R=6371.0088 km); node coordinate = simple unweighted centroid of constituent airports for MRSP/MRRJ/MRBH, own coordinate for single-airport nodes",computed from OurAirports coordinates + ADR-0001 node definitions,https://davidmegginson.github.io/ourairports-data/airports.csv,2026-09-05,A
SBBE,SBBR,1612.35,"great-circle (haversine, R=6371.0088 km); node coordinate = simple unweighted centroid of constituent airports for MRSP/MRRJ/MRBH, own coordinate for single-airport nodes",computed from OurAirports coordinates + ADR-0001 node definitions,https://davidmegginson.github.io/ourairports-data/airports.csv,2026-09-05,A
SBBE,SBBV,1436.76,"great-circle (haversine, R=6371.0088 km); node coordinate = simple unweighted centroid of constituent airports for MRSP/MRRJ/MRBH, own coordinate for single-airport nodes",computed from OurAirports coordinates + ADR-0001 node definitions,https://davidmegginson.github.io/ourairports-data/airports.csv,2026-09-05,A
SBBE,SBCG,2226.97,"great-circle (haversine, R=6371.0088 km); node coordinate = simple unweighted centroid of constituent airports for MRSP/MRRJ/MRBH, own coordinate for single-airport nodes",computed from OurAirports coordinates + ADR-0001 node definitions,https://davidmegginson.github.io/ourairports-data/airports.csv,2026-09-05,A
SBBE,SBCT,2686.32,"great-circle (haversine, R=6371.0088 km); node coordinate = simple unweighted centroid of constituent airports for MRSP/MRRJ/MRBH, own coordinate for single-airport nodes",computed from OurAirports coordinates + ADR-0001 node definitions,https://davidmegginson.github.io/ourairports-data/airports.csv,2026-09-05,A
SBBE,SBCY,1794.74,"great-circle (haversine, R=6371.0088 km); node coordinate = simple unweighted centroid of constituent airports for MRSP/MRRJ/MRBH, own coordinate for single-airport nodes",computed from OurAirports coordinates + ADR-0001 node definitions,https://davidmegginson.github.io/ourairports-data/airports.csv,2026-09-05,A
SBBE,SBEG,1299.08,"great-circle (haversine, R=6371.0088 km); node coordinate = simple unweighted centroid of constituent airports for MRSP/MRRJ/MRBH, own coordinate for single-airport nodes",computed from OurAirports coordinates + ADR-0001 node definitions,https://davidmegginson.github.io/ourairports-data/airports.csv,2026-09-05,A
SBBE,SBFL,2923.44,"great-circle (haversine, R=6371.0088 km); node coordinate = simple unweighted centroid of constituent airports for MRSP/MRRJ/MRBH, own coordinate for single-airport nodes",computed from OurAirports coordinates + ADR-0001 node definitions,https://davidmegginson.github.io/ourairports-data/airports.csv,2026-09-05,A
SBBE,SBFZ,1136.21,"great-circle (haversine, R=6371.0088 km); node coordinate = simple unweighted centroid of constituent airports for MRSP/MRRJ/MRBH, own coordinate for single-airport nodes",computed from OurAirports coordinates + ADR-0001 node definitions,https://davidmegginson.github.io/ourairports-data/airports.csv,2026-09-05,A
SBBE,SBGO,1697.98,"great-circle (haversine, R=6371.0088 km); node coordinate = simple unweighted centroid of constituent airports for MRSP/MRRJ/MRBH, own coordinate for single-airport nodes",computed from OurAirports coordinates + ADR-0001 node definitions,https://davidmegginson.github.io/ourairports-data/airports.csv,2026-09-05,A
SBBE,SBJP,1630.66,"great-circle (haversine, R=6371.0088 km); node coordinate = simple unweighted centroid of constituent airports for MRSP/MRRJ/MRBH, own coordinate for single-airport nodes",computed from OurAirports coordinates + ADR-0001 node definitions,https://davidmegginson.github.io/ourairports-data/airports.csv,2026-09-05,A
SBBE,SBMO,1669.09,"great-circle (haversine, R=6371.0088 km); node coordinate = simple unweighted centroid of constituent airports for MRSP/MRRJ/MRBH, own coordinate for single-airport nodes",computed from OurAirports coordinates + ADR-0001 node definitions,https://davidmegginson.github.io/ourairports-data/airports.csv,2026-09-05,A
SBBE,SBMQ,329.53,"great-circle (haversine, R=6371.0088 km); node coordinate = simple unweighted centroid of constituent airports for MRSP/MRRJ/MRBH, own coordinate for single-airport nodes",computed from OurAirports coordinates + ADR-0001 node definitions,https://davidmegginson.github.io/ourairports-data/airports.csv,2026-09-05,A
SBBE,SBNT,1551.68,"great-circle (haversine, R=6371.0088 km); node coordinate = simple unweighted centroid of constituent airports for MRSP/MRRJ/MRBH, own coordinate for single-airport nodes",computed from OurAirports coordinates + ADR-0001 node definitions,https://davidmegginson.github.io/ourairports-data/airports.csv,2026-09-05,A
SBBE,SBPA,3194.5,"great-circle (haversine, R=6371.0088 km); node coordinate = simple unweighted centroid of constituent airports for MRSP/MRRJ/MRBH, own coordinate for single-airport nodes",computed from OurAirports coordinates + ADR-0001 node definitions,https://davidmegginson.github.io/ourairports-data/airports.csv,2026-09-05,A
SBBE,SBPJ,991.08,"great-circle (haversine, R=6371.0088 km); node coordinate = simple unweighted centroid of constituent airports for MRSP/MRRJ/MRBH, own coordinate for single-airport nodes",computed from OurAirports coordinates + ADR-0001 node definitions,https://davidmegginson.github.io/ourairports-data/airports.csv,2026-09-05,A
SBBE,SBPV,1891.96,"great-circle (haversine, R=6371.0088 km); node coordinate = simple unweighted centroid of constituent airports for MRSP/MRRJ/MRBH, own coordinate for single-airport nodes",computed from OurAirports coordinates + ADR-0001 node definitions,https://davidmegginson.github.io/ourairports-data/airports.csv,2026-09-05,A
SBBE,SBRB,2345.04,"great-circle (haversine, R=6371.0088 km); node coordinate = simple unweighted centroid of constituent airports for MRSP/MRRJ/MRBH, own coordinate for single-airport nodes",computed from OurAirports coordinates + ADR-0001 node definitions,https://davidmegginson.github.io/ourairports-data/airports.csv,2026-09-05,A
SBBE,SBRF,1678.07,"great-circle (haversine, R=6371.0088 km); node coordinate = simple unweighted centroid of constituent airports for MRSP/MRRJ/MRBH, own coordinate for single-airport nodes",computed from OurAirports coordinates + ADR-0001 node definitions,https://davidmegginson.github.io/ourairports-data/airports.csv,2026-09-05,A
SBBE,SBSL,490.05,"great-circle (haversine, R=6371.0088 km); node coordinate = simple unweighted centroid of constituent airports for MRSP/MRRJ/MRBH, own coordinate for single-airport nodes",computed from OurAirports coordinates + ADR-0001 node definitions,https://davidmegginson.github.io/ourairports-data/airports.csv,2026-09-05,A
SBBE,SBSV,1701.2,"great-circle (haversine, R=6371.0088 km); node coordinate = simple unweighted centroid of constituent airports for MRSP/MRRJ/MRBH, own coordinate for single-airport nodes",computed from OurAirports coordinates + ADR-0001 node definitions,https://davidmegginson.github.io/ourairports-data/airports.csv,2026-09-05,A
SBBE,SBTE,749.13,"great-circle (haversine, R=6371.0088 km); node coordinate = simple unweighted centroid of constituent airports for MRSP/MRRJ/MRBH, own coordinate for single-airport nodes",computed from OurAirports coordinates + ADR-0001 node definitions,https://davidmegginson.github.io/ourairports-data/airports.csv,2026-09-05,A
SBBE,SBVT,2280.13,"great-circle (haversine, R=6371.0088 km); node coordinate = simple unweighted centroid of constituent airports for MRSP/MRRJ/MRBH, own coordinate for single-airport nodes",computed from OurAirports coordinates + ADR-0001 node definitions,https://davidmegginson.github.io/ourairports-data/airports.csv,2026-09-05,A
SBBR,MRBH,601.19,"great-circle (haversine, R=6371.0088 km); node coordinate = simple unweighted centroid of constituent airports for MRSP/MRRJ/MRBH, own coordinate for single-airport nodes",computed from OurAirports coordinates + ADR-0001 node definitions,https://davidmegginson.github.io/ourairports-data/airports.csv,2026-09-05,A
SBBR,MRRJ,921.11,"great-circle (haversine, R=6371.0088 km); node coordinate = simple unweighted centroid of constituent airports for MRSP/MRRJ/MRBH, own coordinate for single-airport nodes",computed from OurAirports coordinates + ADR-0001 node definitions,https://davidmegginson.github.io/ourairports-data/airports.csv,2026-09-05,A
SBBR,MRSP,841.36,"great-circle (haversine, R=6371.0088 km); node coordinate = simple unweighted centroid of constituent airports for MRSP/MRRJ/MRBH, own coordinate for single-airport nodes",computed from OurAirports coordinates + ADR-0001 node definitions,https://davidmegginson.github.io/ourairports-data/airports.csv,2026-09-05,A
SBBR,SBAR,1292.46,"great-circle (haversine, R=6371.0088 km); node coordinate = simple unweighted centroid of constituent airports for MRSP/MRRJ/MRBH, own coordinate for single-airport nodes",computed from OurAirports coordinates + ADR-0001 node definitions,https://davidmegginson.github.io/ourairports-data/airports.csv,2026-09-05,A
SBBR,SBBE,1612.35,"great-circle (haversine, R=6371.0088 km); node coordinate = simple unweighted centroid of constituent airports for MRSP/MRRJ/MRBH, own coordinate for single-airport nodes",computed from OurAirports coordinates + ADR-0001 node definitions,https://davidmegginson.github.io/ourairports-data/airports.csv,2026-09-05,A
SBBR,SBBV,2510.48,"great-circle (haversine, R=6371.0088 km); node coordinate = simple unweighted centroid of constituent airports for MRSP/MRRJ/MRBH, own coordinate for single-airport nodes",computed from OurAirports coordinates + ADR-0001 node definitions,https://davidmegginson.github.io/ourairports-data/airports.csv,2026-09-05,A
SBBR,SBCG,877.7,"great-circle (haversine, R=6371.0088 km); node coordinate = simple unweighted centroid of constituent airports for MRSP/MRRJ/MRBH, own coordinate for single-airport nodes",computed from OurAirports coordinates + ADR-0001 node definitions,https://davidmegginson.github.io/ourairports-data/airports.csv,2026-09-05,A
SBBR,SBCT,1081.95,"great-circle (haversine, R=6371.0088 km); node coordinate = simple unweighted centroid of constituent airports for MRSP/MRRJ/MRBH, own coordinate for single-airport nodes",computed from OurAirports coordinates + ADR-0001 node definitions,https://davidmegginson.github.io/ourairports-data/airports.csv,2026-09-05,A
SBBR,SBCY,877.35,"great-circle (haversine, R=6371.0088 km); node coordinate = simple unweighted centroid of constituent airports for MRSP/MRRJ/MRBH, own coordinate for single-airport nodes",computed from OurAirports coordinates + ADR-0001 node definitions,https://davidmegginson.github.io/ourairports-data/airports.csv,2026-09-05,A
SBBR,SBEG,1948.61,"great-circle (haversine, R=6371.0088 km); node coordinate = simple unweighted centroid of constituent airports for MRSP/MRRJ/MRBH, own coordinate for single-airport nodes",computed from OurAirports coordinates + ADR-0001 node definitions,https://davidmegginson.github.io/ourairports-data/airports.csv,2026-09-05,A
SBBR,SBFL,1313.84,"great-circle (haversine, R=6371.0088 km); node coordinate = simple unweighted centroid of constituent airports for MRSP/MRRJ/MRBH, own coordinate for single-airport nodes",computed from OurAirports coordinates + ADR-0001 node definitions,https://davidmegginson.github.io/ourairports-data/airports.csv,2026-09-05,A
SBBR,SBFZ,1691.76,"great-circle (haversine, R=6371.0088 km); node coordinate = simple unweighted centroid of constituent airports for MRSP/MRRJ/MRBH, own coordinate for single-airport nodes",computed from OurAirports coordinates + ADR-0001 node definitions,https://davidmegginson.github.io/ourairports-data/airports.csv,2026-09-05,A
SBBR,SBGO,162.63,"great-circle (haversine, R=6371.0088 km); node coordinate = simple unweighted centroid of constituent airports for MRSP/MRRJ/MRBH, own coordinate for single-airport nodes",computed from OurAirports coordinates + ADR-0001 node definitions,https://davidmegginson.github.io/ourairports-data/airports.csv,2026-09-05,A
SBBR,SBJP,1712.55,"great-circle (haversine, R=6371.0088 km); node coordinate = simple unweighted centroid of constituent airports for MRSP/MRRJ/MRBH, own coordinate for single-airport nodes",computed from OurAirports coordinates + ADR-0001 node definitions,https://davidmegginson.github.io/ourairports-data/airports.csv,2026-09-05,A
SBBR,SBMO,1492.78,"great-circle (haversine, R=6371.0088 km); node coordinate = simple unweighted centroid of constituent airports for MRSP/MRRJ/MRBH, own coordinate for single-airport nodes",computed from OurAirports coordinates + ADR-0001 node definitions,https://davidmegginson.github.io/ourairports-data/airports.csv,2026-09-05,A
SBBR,SBMQ,1803.68,"great-circle (haversine, R=6371.0088 km); node coordinate = simple unweighted centroid of constituent airports for MRSP/MRRJ/MRBH, own coordinate for single-airport nodes",computed from OurAirports coordinates + ADR-0001 node definitions,https://davidmegginson.github.io/ourairports-data/airports.csv,2026-09-05,A
SBBR,SBNT,1770.68,"great-circle (haversine, R=6371.0088 km); node coordinate = simple unweighted centroid of constituent airports for MRSP/MRRJ/MRBH, own coordinate for single-airport nodes",computed from OurAirports coordinates + ADR-0001 node definitions,https://davidmegginson.github.io/ourairports-data/airports.csv,2026-09-05,A
SBBR,SBPA,1605.15,"great-circle (haversine, R=6371.0088 km); node coordinate = simple unweighted centroid of constituent airports for MRSP/MRRJ/MRBH, own coordinate for single-airport nodes",computed from OurAirports coordinates + ADR-0001 node definitions,https://davidmegginson.github.io/ourairports-data/airports.csv,2026-09-05,A
SBBR,SBPJ,622.0,"great-circle (haversine, R=6371.0088 km); node coordinate = simple unweighted centroid of constituent airports for MRSP/MRRJ/MRBH, own coordinate for single-airport nodes",computed from OurAirports coordinates + ADR-0001 node definitions,https://davidmegginson.github.io/ourairports-data/airports.csv,2026-09-05,A
SBBR,SBPV,1908.8,"great-circle (haversine, R=6371.0088 km); node coordinate = simple unweighted centroid of constituent airports for MRSP/MRRJ/MRBH, own coordinate for single-airport nodes",computed from OurAirports coordinates + ADR-0001 node definitions,https://davidmegginson.github.io/ourairports-data/airports.csv,2026-09-05,A
SBBR,SBRB,2263.97,"great-circle (haversine, R=6371.0088 km); node coordinate = simple unweighted centroid of constituent airports for MRSP/MRRJ/MRBH, own coordinate for single-airport nodes",computed from OurAirports coordinates + ADR-0001 node definitions,https://davidmegginson.github.io/ourairports-data/airports.csv,2026-09-05,A
SBBR,SBRF,1654.03,"great-circle (haversine, R=6371.0088 km); node coordinate = simple unweighted centroid of constituent airports for MRSP/MRRJ/MRBH, own coordinate for single-airport nodes",computed from OurAirports coordinates + ADR-0001 node definitions,https://davidmegginson.github.io/ourairports-data/airports.csv,2026-09-05,A
SBBR,SBSL,1531.12,"great-circle (haversine, R=6371.0088 km); node coordinate = simple unweighted centroid of constituent airports for MRSP/MRRJ/MRBH, own coordinate for single-airport nodes",computed from OurAirports coordinates + ADR-0001 node definitions,https://davidmegginson.github.io/ourairports-data/airports.csv,2026-09-05,A
SBBR,SBSV,1084.75,"great-circle (haversine, R=6371.0088 km); node coordinate = simple unweighted centroid of constituent airports for MRSP/MRRJ/MRBH, own coordinate for single-airport nodes",computed from OurAirports coordinates + ADR-0001 node definitions,https://davidmegginson.github.io/ourairports-data/airports.csv,2026-09-05,A
SBBR,SBTE,1324.45,"great-circle (haversine, R=6371.0088 km); node coordinate = simple unweighted centroid of constituent airports for MRSP/MRRJ/MRBH, own coordinate for single-airport nodes",computed from OurAirports coordinates + ADR-0001 node definitions,https://davidmegginson.github.io/ourairports-data/airports.csv,2026-09-05,A
SBBR,SBVT,943.0,"great-circle (haversine, R=6371.0088 km); node coordinate = simple unweighted centroid of constituent airports for MRSP/MRRJ/MRBH, own coordinate for single-airport nodes",computed from OurAirports coordinates + ADR-0001 node definitions,https://davidmegginson.github.io/ourairports-data/airports.csv,2026-09-05,A
SBBV,MRBH,3106.21,"great-circle (haversine, R=6371.0088 km); node coordinate = simple unweighted centroid of constituent airports for MRSP/MRRJ/MRBH, own coordinate for single-airport nodes",computed from OurAirports coordinates + ADR-0001 node definitions,https://davidmegginson.github.io/ourairports-data/airports.csv,2026-09-05,A
SBBV,MRRJ,3430.39,"great-circle (haversine, R=6371.0088 km); node coordinate = simple unweighted centroid of constituent airports for MRSP/MRRJ/MRBH, own coordinate for single-airport nodes",computed from OurAirports coordinates + ADR-0001 node definitions,https://davidmegginson.github.io/ourairports-data/airports.csv,2026-09-05,A
SBBV,MRSP,3281.62,"great-circle (haversine, R=6371.0088 km); node coordinate = simple unweighted centroid of constituent airports for MRSP/MRRJ/MRBH, own coordinate for single-airport nodes",computed from OurAirports coordinates + ADR-0001 node definitions,https://davidmegginson.github.io/ourairports-data/airports.csv,2026-09-05,A
SBBV,SBAR,3031.93,"great-circle (haversine, R=6371.0088 km); node coordinate = simple unweighted centroid of constituent airports for MRSP/MRRJ/MRBH, own coordinate for single-airport nodes",computed from OurAirports coordinates + ADR-0001 node definitions,https://davidmegginson.github.io/ourairports-data/airports.csv,2026-09-05,A
SBBV,SBBE,1436.76,"great-circle (haversine, R=6371.0088 km); node coordinate = simple unweighted centroid of constituent airports for MRSP/MRRJ/MRBH, own coordinate for single-airport nodes",computed from OurAirports coordinates + ADR-0001 node definitions,https://davidmegginson.github.io/ourairports-data/airports.csv,2026-09-05,A
SBBV,SBBR,2510.48,"great-circle (haversine, R=6371.0088 km); node coordinate = simple unweighted centroid of constituent airports for MRSP/MRRJ/MRBH, own coordinate for single-airport nodes",computed from OurAirports coordinates + ADR-0001 node definitions,https://davidmegginson.github.io/ourairports-data/airports.csv,2026-09-05,A
SBBV,SBCG,2674.39,"great-circle (haversine, R=6371.0088 km); node coordinate = simple unweighted centroid of constituent airports for MRSP/MRRJ/MRBH, own coordinate for single-airport nodes",computed from OurAirports coordinates + ADR-0001 node definitions,https://davidmegginson.github.io/ourairports-data/airports.csv,2026-09-05,A
SBBV,SBCT,3390.32,"great-circle (haversine, R=6371.0088 km); node coordinate = simple unweighted centroid of constituent airports for MRSP/MRRJ/MRBH, own coordinate for single-airport nodes",computed from OurAirports coordinates + ADR-0001 node definitions,https://davidmegginson.github.io/ourairports-data/airports.csv,2026-09-05,A
SBBV,SBCY,2117.64,"great-circle (haversine, R=6371.0088 km); node coordinate = simple unweighted centroid of constituent airports for MRSP/MRRJ/MRBH, own coordinate for single-airport nodes",computed from OurAirports coordinates + ADR-0001 node definitions,https://davidmegginson.github.io/ourairports-data/airports.csv,2026-09-05,A
SBBV,SBEG,658.22,"great-circle (haversine, R=6371.0088 km); node coordinate = simple unweighted centroid of constituent airports for MRSP/MRRJ/MRBH, own coordinate for single-airport nodes",computed from OurAirports coordinates + ADR-0001 node definitions,https://davidmegginson.github.io/ourairports-data/airports.csv,2026-09-05,A
SBBV,SBFL,3633.75,"great-circle (haversine, R=6371.0088 km); node coordinate = simple unweighted centroid of constituent airports for MRSP/MRRJ/MRBH, own coordinate for single-airport nodes",computed from OurAirports coordinates + ADR-0001 node definitions,https://davidmegginson.github.io/ourairports-data/airports.csv,2026-09-05,A
SBBV,SBFZ,2570.18,"great-circle (haversine, R=6371.0088 km); node coordinate = simple unweighted centroid of constituent airports for MRSP/MRRJ/MRBH, own coordinate for single-airport nodes",computed from OurAirports coordinates + ADR-0001 node definitions,https://davidmegginson.github.io/ourairports-data/airports.csv,2026-09-05,A
SBBV,SBGO,2505.59,"great-circle (haversine, R=6371.0088 km); node coordinate = simple unweighted centroid of constituent airports for MRSP/MRRJ/MRBH, own coordinate for single-airport nodes",computed from OurAirports coordinates + ADR-0001 node definitions,https://davidmegginson.github.io/ourairports-data/airports.csv,2026-09-05,A
SBBV,SBJP,3065.05,"great-circle (haversine, R=6371.0088 km); node coordinate = simple unweighted centroid of constituent airports for MRSP/MRRJ/MRBH, own coordinate for single-airport nodes",computed from OurAirports coordinates + ADR-0001 node definitions,https://davidmegginson.github.io/ourairports-data/airports.csv,2026-09-05,A
SBBV,SBMO,3081.79,"great-circle (haversine, R=6371.0088 km); node coordinate = simple unweighted centroid of constituent airports for MRSP/MRRJ/MRBH, own coordinate for single-airport nodes",computed from OurAirports coordinates + ADR-0001 node definitions,https://davidmegginson.github.io/ourairports-data/airports.csv,2026-09-05,A
SBBV,SBMQ,1113.35,"great-circle (haversine, R=6371.0088 km); node coordinate = simple unweighted centroid of constituent airports for MRSP/MRRJ/MRBH, own coordinate for single-airport nodes",computed from OurAirports coordinates + ADR-0001 node definitions,https://davidmegginson.github.io/ourairports-data/airports.csv,2026-09-05,A
SBBV,SBNT,2988.44,"great-circle (haversine, R=6371.0088 km); node coordinate = simple unweighted centroid of constituent airports for MRSP/MRRJ/MRBH, own coordinate for single-airport nodes",computed from OurAirports coordinates + ADR-0001 node definitions,https://davidmegginson.github.io/ourairports-data/airports.csv,2026-09-05,A
SBBV,SBPA,3789.41,"great-circle (haversine, R=6371.0088 km); node coordinate = simple unweighted centroid of constituent airports for MRSP/MRRJ/MRBH, own coordinate for single-airport nodes",computed from OurAirports coordinates + ADR-0001 node definitions,https://davidmegginson.github.io/ourairports-data/airports.csv,2026-09-05,A
SBBV,SBPJ,1999.66,"great-circle (haversine, R=6371.0088 km); node coordinate = simple unweighted centroid of constituent airports for MRSP/MRRJ/MRBH, own coordinate for single-airport nodes",computed from OurAirports coordinates + ADR-0001 node definitions,https://davidmegginson.github.io/ourairports-data/airports.csv,2026-09-05,A
SBBV,SBPV,1333.24,"great-circle (haversine, R=6371.0088 km); node coordinate = simple unweighted centroid of constituent airports for MRSP/MRRJ/MRBH, own coordinate for single-airport nodes",computed from OurAirports coordinates + ADR-0001 node definitions,https://davidmegginson.github.io/ourairports-data/airports.csv,2026-09-05,A
SBBV,SBRB,1623.43,"great-circle (haversine, R=6371.0088 km); node coordinate = simple unweighted centroid of constituent airports for MRSP/MRRJ/MRBH, own coordinate for single-airport nodes",computed from OurAirports coordinates + ADR-0001 node definitions,https://davidmegginson.github.io/ourairports-data/airports.csv,2026-09-05,A
SBBV,SBRF,3107.33,"great-circle (haversine, R=6371.0088 km); node coordinate = simple unweighted centroid of constituent airports for MRSP/MRRJ/MRBH, own coordinate for single-airport nodes",computed from OurAirports coordinates + ADR-0001 node definitions,https://davidmegginson.github.io/ourairports-data/airports.csv,2026-09-05,A
SBBV,SBSL,1926.26,"great-circle (haversine, R=6371.0088 km); node coordinate = simple unweighted centroid of constituent airports for MRSP/MRRJ/MRBH, own coordinate for single-airport nodes",computed from OurAirports coordinates + ADR-0001 node definitions,https://davidmegginson.github.io/ourairports-data/airports.csv,2026-09-05,A
SBBV,SBSV,3027.77,"great-circle (haversine, R=6371.0088 km); node coordinate = simple unweighted centroid of constituent airports for MRSP/MRRJ/MRBH, own coordinate for single-airport nodes",computed from OurAirports coordinates + ADR-0001 node definitions,https://davidmegginson.github.io/ourairports-data/airports.csv,2026-09-05,A
SBBV,SBTE,2170.76,"great-circle (haversine, R=6371.0088 km); node coordinate = simple unweighted centroid of constituent airports for MRSP/MRRJ/MRBH, own coordinate for single-airport nodes",computed from OurAirports coordinates + ADR-0001 node definitions,https://davidmegginson.github.io/ourairports-data/airports.csv,2026-09-05,A
SBBV,SBVT,3399.4,"great-circle (haversine, R=6371.0088 km); node coordinate = simple unweighted centroid of constituent airports for MRSP/MRRJ/MRBH, own coordinate for single-airport nodes",computed from OurAirports coordinates + ADR-0001 node definitions,https://davidmegginson.github.io/ourairports-data/airports.csv,2026-09-05,A
SBCG,MRBH,1121.59,"great-circle (haversine, R=6371.0088 km); node coordinate = simple unweighted centroid of constituent airports for MRSP/MRRJ/MRBH, own coordinate for single-airport nodes",computed from OurAirports coordinates + ADR-0001 node definitions,https://davidmegginson.github.io/ourairports-data/airports.csv,2026-09-05,A
SBCG,MRRJ,1214.08,"great-circle (haversine, R=6371.0088 km); node coordinate = simple unweighted centroid of constituent airports for MRSP/MRRJ/MRBH, own coordinate for single-airport nodes",computed from OurAirports coordinates + ADR-0001 node definitions,https://davidmegginson.github.io/ourairports-data/airports.csv,2026-09-05,A
SBCG,MRSP,877.67,"great-circle (haversine, R=6371.0088 km); node coordinate = simple unweighted centroid of constituent airports for MRSP/MRRJ/MRBH, own coordinate for single-airport nodes",computed from OurAirports coordinates + ADR-0001 node definitions,https://davidmegginson.github.io/ourairports-data/airports.csv,2026-09-05,A
SBCG,SBAR,2156.27,"great-circle (haversine, R=6371.0088 km); node coordinate = simple unweighted centroid of constituent airports for MRSP/MRRJ/MRBH, own coordinate for single-airport nodes",computed from OurAirports coordinates + ADR-0001 node definitions,https://davidmegginson.github.io/ourairports-data/airports.csv,2026-09-05,A
SBCG,SBBE,2226.97,"great-circle (haversine, R=6371.0088 km); node coordinate = simple unweighted centroid of constituent airports for MRSP/MRRJ/MRBH, own coordinate for single-airport nodes",computed from OurAirports coordinates + ADR-0001 node definitions,https://davidmegginson.github.io/ourairports-data/airports.csv,2026-09-05,A
SBCG,SBBR,877.7,"great-circle (haversine, R=6371.0088 km); node coordinate = simple unweighted centroid of constituent airports for MRSP/MRRJ/MRBH, own coordinate for single-airport nodes",computed from OurAirports coordinates + ADR-0001 node definitions,https://davidmegginson.github.io/ourairports-data/airports.csv,2026-09-05,A
SBCG,SBBV,2674.39,"great-circle (haversine, R=6371.0088 km); node coordinate = simple unweighted centroid of constituent airports for MRSP/MRRJ/MRBH, own coordinate for single-airport nodes",computed from OurAirports coordinates + ADR-0001 node definitions,https://davidmegginson.github.io/ourairports-data/airports.csv,2026-09-05,A
SBCG,SBCT,795.45,"great-circle (haversine, R=6371.0088 km); node coordinate = simple unweighted centroid of constituent airports for MRSP/MRRJ/MRBH, own coordinate for single-airport nodes",computed from OurAirports coordinates + ADR-0001 node definitions,https://davidmegginson.github.io/ourairports-data/airports.csv,2026-09-05,A
SBCG,SBCY,556.91,"great-circle (haversine, R=6371.0088 km); node coordinate = simple unweighted centroid of constituent airports for MRSP/MRRJ/MRBH, own coordinate for single-airport nodes",computed from OurAirports coordinates + ADR-0001 node definitions,https://davidmegginson.github.io/ourairports-data/airports.csv,2026-09-05,A
SBCG,SBEG,2023.96,"great-circle (haversine, R=6371.0088 km); node coordinate = simple unweighted centroid of constituent airports for MRSP/MRRJ/MRBH, own coordinate for single-airport nodes",computed from OurAirports coordinates + ADR-0001 node definitions,https://davidmegginson.github.io/ourairports-data/airports.csv,2026-09-05,A
SBCG,SBFL,1013.11,"great-circle (haversine, R=6371.0088 km); node coordinate = simple unweighted centroid of constituent airports for MRSP/MRRJ/MRBH, own coordinate for single-airport nodes",computed from OurAirports coordinates + ADR-0001 node definitions,https://davidmegginson.github.io/ourairports-data/airports.csv,2026-09-05,A
SBCG,SBFZ,2549.43,"great-circle (haversine, R=6371.0088 km); node coordinate = simple unweighted centroid of constituent airports for MRSP/MRRJ/MRBH, own coordinate for single-airport nodes",computed from OurAirports coordinates + ADR-0001 node definitions,https://davidmegginson.github.io/ourairports-data/airports.csv,2026-09-05,A
SBCG,SBGO,715.83,"great-circle (haversine, R=6371.0088 km); node coordinate = simple unweighted centroid of constituent airports for MRSP/MRRJ/MRBH, own coordinate for single-airport nodes",computed from OurAirports coordinates + ADR-0001 node definitions,https://davidmegginson.github.io/ourairports-data/airports.csv,2026-09-05,A
SBCG,SBJP,2589.05,"great-circle (haversine, R=6371.0088 km); node coordinate = simple unweighted centroid of constituent airports for MRSP/MRRJ/MRBH, own coordinate for single-airport nodes",computed from OurAirports coordinates + ADR-0001 node definitions,https://davidmegginson.github.io/ourairports-data/airports.csv,2026-09-05,A
SBCG,SBMO,2362.22,"great-circle (haversine, R=6371.0088 km); node coordinate = simple unweighted centroid of constituent airports for MRSP/MRRJ/MRBH, own coordinate for single-airport nodes",computed from OurAirports coordinates + ADR-0001 node definitions,https://davidmegginson.github.io/ourairports-data/airports.csv,2026-09-05,A
SBCG,SBMQ,2315.2,"great-circle (haversine, R=6371.0088 km); node coordinate = simple unweighted centroid of constituent airports for MRSP/MRRJ/MRBH, own coordinate for single-airport nodes",computed from OurAirports coordinates + ADR-0001 node definitions,https://davidmegginson.github.io/ourairports-data/airports.csv,2026-09-05,A
SBCG,SBNT,2648.34,"great-circle (haversine, R=6371.0088 km); node coordinate = simple unweighted centroid of constituent airports for MRSP/MRRJ/MRBH, own coordinate for single-airport nodes",computed from OurAirports coordinates + ADR-0001 node definitions,https://davidmegginson.github.io/ourairports-data/airports.csv,2026-09-05,A
SBCG,SBPA,1115.99,"great-circle (haversine, R=6371.0088 km); node coordinate = simple unweighted centroid of constituent airports for MRSP/MRRJ/MRBH, own coordinate for single-airport nodes",computed from OurAirports coordinates + ADR-0001 node definitions,https://davidmegginson.github.io/ourairports-data/airports.csv,2026-09-05,A
SBCG,SBPJ,1318.38,"great-circle (haversine, R=6371.0088 km); node coordinate = simple unweighted centroid of constituent airports for MRSP/MRRJ/MRBH, own coordinate for single-airport nodes",computed from OurAirports coordinates + ADR-0001 node definitions,https://davidmegginson.github.io/ourairports-data/airports.csv,2026-09-05,A
SBCG,SBPV,1640.81,"great-circle (haversine, R=6371.0088 km); node coordinate = simple unweighted centroid of constituent airports for MRSP/MRRJ/MRBH, own coordinate for single-airport nodes",computed from OurAirports coordinates + ADR-0001 node definitions,https://davidmegginson.github.io/ourairports-data/airports.csv,2026-09-05,A
SBCG,SBRB,1842.5,"great-circle (haversine, R=6371.0088 km); node coordinate = simple unweighted centroid of constituent airports for MRSP/MRRJ/MRBH, own coordinate for single-airport nodes",computed from OurAirports coordinates + ADR-0001 node definitions,https://davidmegginson.github.io/ourairports-data/airports.csv,2026-09-05,A
SBCG,SBRF,2527.64,"great-circle (haversine, R=6371.0088 km); node coordinate = simple unweighted centroid of constituent airports for MRSP/MRRJ/MRBH, own coordinate for single-airport nodes",computed from OurAirports coordinates + ADR-0001 node definitions,https://davidmegginson.github.io/ourairports-data/airports.csv,2026-09-05,A
SBCG,SBSL,2288.23,"great-circle (haversine, R=6371.0088 km); node coordinate = simple unweighted centroid of constituent airports for MRSP/MRRJ/MRBH, own coordinate for single-airport nodes",computed from OurAirports coordinates + ADR-0001 node definitions,https://davidmegginson.github.io/ourairports-data/airports.csv,2026-09-05,A
SBCG,SBSV,1932.06,"great-circle (haversine, R=6371.0088 km); node coordinate = simple unweighted centroid of constituent airports for MRSP/MRRJ/MRBH, own coordinate for single-airport nodes",computed from OurAirports coordinates + ADR-0001 node definitions,https://davidmegginson.github.io/ourairports-data/airports.csv,2026-09-05,A
SBCG,SBTE,2139.11,"great-circle (haversine, R=6371.0088 km); node coordinate = simple unweighted centroid of constituent airports for MRSP/MRRJ/MRBH, own coordinate for single-airport nodes",computed from OurAirports coordinates + ADR-0001 node definitions,https://davidmegginson.github.io/ourairports-data/airports.csv,2026-09-05,A
SBCG,SBVT,1499.69,"great-circle (haversine, R=6371.0088 km); node coordinate = simple unweighted centroid of constituent airports for MRSP/MRRJ/MRBH, own coordinate for single-airport nodes",computed from OurAirports coordinates + ADR-0001 node definitions,https://davidmegginson.github.io/ourairports-data/airports.csv,2026-09-05,A
SBCT,MRBH,836.73,"great-circle (haversine, R=6371.0088 km); node coordinate = simple unweighted centroid of constituent airports for MRSP/MRRJ/MRBH, own coordinate for single-airport nodes",computed from OurAirports coordinates + ADR-0001 node definitions,https://davidmegginson.github.io/ourairports-data/airports.csv,2026-09-05,A
SBCT,MRRJ,674.11,"great-circle (haversine, R=6371.0088 km); node coordinate = simple unweighted centroid of constituent airports for MRSP/MRRJ/MRBH, own coordinate for single-airport nodes",computed from OurAirports coordinates + ADR-0001 node definitions,https://davidmegginson.github.io/ourairports-data/airports.csv,2026-09-05,A
SBCT,MRSP,344.27,"great-circle (haversine, R=6371.0088 km); node coordinate = simple unweighted centroid of constituent airports for MRSP/MRRJ/MRBH, own coordinate for single-airport nodes",computed from OurAirports coordinates + ADR-0001 node definitions,https://davidmegginson.github.io/ourairports-data/airports.csv,2026-09-05,A
SBCT,SBAR,2058.33,"great-circle (haversine, R=6371.0088 km); node coordinate = simple unweighted centroid of constituent airports for MRSP/MRRJ/MRBH, own coordinate for single-airport nodes",computed from OurAirports coordinates + ADR-0001 node definitions,https://davidmegginson.github.io/ourairports-data/airports.csv,2026-09-05,A
SBCT,SBBE,2686.32,"great-circle (haversine, R=6371.0088 km); node coordinate = simple unweighted centroid of constituent airports for MRSP/MRRJ/MRBH, own coordinate for single-airport nodes",computed from OurAirports coordinates + ADR-0001 node definitions,https://davidmegginson.github.io/ourairports-data/airports.csv,2026-09-05,A
SBCT,SBBR,1081.95,"great-circle (haversine, R=6371.0088 km); node coordinate = simple unweighted centroid of constituent airports for MRSP/MRRJ/MRBH, own coordinate for single-airport nodes",computed from OurAirports coordinates + ADR-0001 node definitions,https://davidmegginson.github.io/ourairports-data/airports.csv,2026-09-05,A
SBCT,SBBV,3390.32,"great-circle (haversine, R=6371.0088 km); node coordinate = simple unweighted centroid of constituent airports for MRSP/MRRJ/MRBH, own coordinate for single-airport nodes",computed from OurAirports coordinates + ADR-0001 node definitions,https://davidmegginson.github.io/ourairports-data/airports.csv,2026-09-05,A
SBCT,SBCG,795.45,"great-circle (haversine, R=6371.0088 km); node coordinate = simple unweighted centroid of constituent airports for MRSP/MRRJ/MRBH, own coordinate for single-airport nodes",computed from OurAirports coordinates + ADR-0001 node definitions,https://davidmegginson.github.io/ourairports-data/airports.csv,2026-09-05,A
SBCT,SBCY,1313.75,"great-circle (haversine, R=6371.0088 km); node coordinate = simple unweighted centroid of constituent airports for MRSP/MRRJ/MRBH, own coordinate for single-airport nodes",computed from OurAirports coordinates + ADR-0001 node definitions,https://davidmegginson.github.io/ourairports-data/airports.csv,2026-09-05,A
SBCT,SBEG,2757.79,"great-circle (haversine, R=6371.0088 km); node coordinate = simple unweighted centroid of constituent airports for MRSP/MRRJ/MRBH, own coordinate for single-airport nodes",computed from OurAirports coordinates + ADR-0001 node definitions,https://davidmegginson.github.io/ourairports-data/airports.csv,2026-09-05,A
SBCT,SBFL,246.08,"great-circle (haversine, R=6371.0088 km); node coordinate = simple unweighted centroid of constituent airports for MRSP/MRRJ/MRBH, own coordinate for single-airport nodes",computed from OurAirports coordinates + ADR-0001 node definitions,https://davidmegginson.github.io/ourairports-data/airports.csv,2026-09-05,A
SBCT,SBFZ,2672.51,"great-circle (haversine, R=6371.0088 km); node coordinate = simple unweighted centroid of constituent airports for MRSP/MRRJ/MRBH, own coordinate for single-airport nodes",computed from OurAirports coordinates + ADR-0001 node definitions,https://davidmegginson.github.io/ourairports-data/airports.csv,2026-09-05,A
SBCT,SBGO,989.26,"great-circle (haversine, R=6371.0088 km); node coordinate = simple unweighted centroid of constituent airports for MRSP/MRRJ/MRBH, own coordinate for single-airport nodes",computed from OurAirports coordinates + ADR-0001 node definitions,https://davidmegginson.github.io/ourairports-data/airports.csv,2026-09-05,A
SBCT,SBJP,2540.67,"great-circle (haversine, R=6371.0088 km); node coordinate = simple unweighted centroid of constituent airports for MRSP/MRRJ/MRBH, own coordinate for single-airport nodes",computed from OurAirports coordinates + ADR-0001 node definitions,https://davidmegginson.github.io/ourairports-data/airports.csv,2026-09-05,A
SBCT,SBMO,2273.27,"great-circle (haversine, R=6371.0088 km); node coordinate = simple unweighted centroid of constituent airports for MRSP/MRRJ/MRBH, own coordinate for single-airport nodes",computed from OurAirports coordinates + ADR-0001 node definitions,https://davidmegginson.github.io/ourairports-data/airports.csv,2026-09-05,A
SBCT,SBMQ,2851.56,"great-circle (haversine, R=6371.0088 km); node coordinate = simple unweighted centroid of constituent airports for MRSP/MRRJ/MRBH, own coordinate for single-airport nodes",computed from OurAirports coordinates + ADR-0001 node definitions,https://davidmegginson.github.io/ourairports-data/airports.csv,2026-09-05,A
SBCT,SBNT,2636.83,"great-circle (haversine, R=6371.0088 km); node coordinate = simple unweighted centroid of constituent airports for MRSP/MRRJ/MRBH, own coordinate for single-airport nodes",computed from OurAirports coordinates + ADR-0001 node definitions,https://davidmegginson.github.io/ourairports-data/airports.csv,2026-09-05,A
SBCT,SBPA,533.78,"great-circle (haversine, R=6371.0088 km); node coordinate = simple unweighted centroid of constituent airports for MRSP/MRRJ/MRBH, own coordinate for single-airport nodes",computed from OurAirports coordinates + ADR-0001 node definitions,https://davidmegginson.github.io/ourairports-data/airports.csv,2026-09-05,A
SBCT,SBPJ,1696.48,"great-circle (haversine, R=6371.0088 km); node coordinate = simple unweighted centroid of constituent airports for MRSP/MRRJ/MRBH, own coordinate for single-airport nodes",computed from OurAirports coordinates + ADR-0001 node definitions,https://davidmegginson.github.io/ourairports-data/airports.csv,2026-09-05,A
SBCT,SBPV,2433.78,"great-circle (haversine, R=6371.0088 km); node coordinate = simple unweighted centroid of constituent airports for MRSP/MRRJ/MRBH, own coordinate for single-airport nodes",computed from OurAirports coordinates + ADR-0001 node definitions,https://davidmegginson.github.io/ourairports-data/airports.csv,2026-09-05,A
SBCT,SBRB,2632.17,"great-circle (haversine, R=6371.0088 km); node coordinate = simple unweighted centroid of constituent airports for MRSP/MRRJ/MRBH, own coordinate for single-airport nodes",computed from OurAirports coordinates + ADR-0001 node definitions,https://davidmegginson.github.io/ourairports-data/airports.csv,2026-09-05,A
SBCT,SBRF,2453.87,"great-circle (haversine, R=6371.0088 km); node coordinate = simple unweighted centroid of constituent airports for MRSP/MRRJ/MRBH, own coordinate for single-airport nodes",computed from OurAirports coordinates + ADR-0001 node definitions,https://davidmegginson.github.io/ourairports-data/airports.csv,2026-09-05,A
SBCT,SBSL,2605.25,"great-circle (haversine, R=6371.0088 km); node coordinate = simple unweighted centroid of constituent airports for MRSP/MRRJ/MRBH, own coordinate for single-airport nodes",computed from OurAirports coordinates + ADR-0001 node definitions,https://davidmegginson.github.io/ourairports-data/airports.csv,2026-09-05,A
SBCT,SBSV,1805.6,"great-circle (haversine, R=6371.0088 km); node coordinate = simple unweighted centroid of constituent airports for MRSP/MRRJ/MRBH, own coordinate for single-airport nodes",computed from OurAirports coordinates + ADR-0001 node definitions,https://davidmegginson.github.io/ourairports-data/airports.csv,2026-09-05,A
SBCT,SBTE,2374.47,"great-circle (haversine, R=6371.0088 km); node coordinate = simple unweighted centroid of constituent airports for MRSP/MRRJ/MRBH, own coordinate for single-airport nodes",computed from OurAirports coordinates + ADR-0001 node definitions,https://davidmegginson.github.io/ourairports-data/airports.csv,2026-09-05,A
SBCT,SBVT,1082.48,"great-circle (haversine, R=6371.0088 km); node coordinate = simple unweighted centroid of constituent airports for MRSP/MRRJ/MRBH, own coordinate for single-airport nodes",computed from OurAirports coordinates + ADR-0001 node definitions,https://davidmegginson.github.io/ourairports-data/airports.csv,2026-09-05,A
SBCY,MRBH,1365.34,"great-circle (haversine, R=6371.0088 km); node coordinate = simple unweighted centroid of constituent airports for MRSP/MRRJ/MRBH, own coordinate for single-airport nodes",computed from OurAirports coordinates + ADR-0001 node definitions,https://davidmegginson.github.io/ourairports-data/airports.csv,2026-09-05,A
SBCY,MRRJ,1573.12,"great-circle (haversine, R=6371.0088 km); node coordinate = simple unweighted centroid of constituent airports for MRSP/MRRJ/MRBH, own coordinate for single-airport nodes",computed from OurAirports coordinates + ADR-0001 node definitions,https://davidmegginson.github.io/ourairports-data/airports.csv,2026-09-05,A
SBCY,MRSP,1301.76,"great-circle (haversine, R=6371.0088 km); node coordinate = simple unweighted centroid of constituent airports for MRSP/MRRJ/MRBH, own coordinate for single-airport nodes",computed from OurAirports coordinates + ADR-0001 node definitions,https://davidmegginson.github.io/ourairports-data/airports.csv,2026-09-05,A
SBCY,SBAR,2123.88,"great-circle (haversine, R=6371.0088 km); node coordinate = simple unweighted centroid of constituent airports for MRSP/MRRJ/MRBH, own coordinate for single-airport nodes",computed from OurAirports coordinates + ADR-0001 node definitions,https://davidmegginson.github.io/ourairports-data/airports.csv,2026-09-05,A
SBCY,SBBE,1794.74,"great-circle (haversine, R=6371.0088 km); node coordinate = simple unweighted centroid of constituent airports for MRSP/MRRJ/MRBH, own coordinate for single-airport nodes",computed from OurAirports coordinates + ADR-0001 node definitions,https://davidmegginson.github.io/ourairports-data/airports.csv,2026-09-05,A
SBCY,SBBR,877.35,"great-circle (haversine, R=6371.0088 km); node coordinate = simple unweighted centroid of constituent airports for MRSP/MRRJ/MRBH, own coordinate for single-airport nodes",computed from OurAirports coordinates + ADR-0001 node definitions,https://davidmegginson.github.io/ourairports-data/airports.csv,2026-09-05,A
SBCY,SBBV,2117.64,"great-circle (haversine, R=6371.0088 km); node coordinate = simple unweighted centroid of constituent airports for MRSP/MRRJ/MRBH, own coordinate for single-airport nodes",computed from OurAirports coordinates + ADR-0001 node definitions,https://davidmegginson.github.io/ourairports-data/airports.csv,2026-09-05,A
SBCY,SBCG,556.91,"great-circle (haversine, R=6371.0088 km); node coordinate = simple unweighted centroid of constituent airports for MRSP/MRRJ/MRBH, own coordinate for single-airport nodes",computed from OurAirports coordinates + ADR-0001 node definitions,https://davidmegginson.github.io/ourairports-data/airports.csv,2026-09-05,A
SBCY,SBCT,1313.75,"great-circle (haversine, R=6371.0088 km); node coordinate = simple unweighted centroid of constituent airports for MRSP/MRRJ/MRBH, own coordinate for single-airport nodes",computed from OurAirports coordinates + ADR-0001 node definitions,https://davidmegginson.github.io/ourairports-data/airports.csv,2026-09-05,A
SBCY,SBEG,1467.25,"great-circle (haversine, R=6371.0088 km); node coordinate = simple unweighted centroid of constituent airports for MRSP/MRRJ/MRBH, own coordinate for single-airport nodes",computed from OurAirports coordinates + ADR-0001 node definitions,https://davidmegginson.github.io/ourairports-data/airports.csv,2026-09-05,A
SBCY,SBFL,1547.02,"great-circle (haversine, R=6371.0088 km); node coordinate = simple unweighted centroid of constituent airports for MRSP/MRRJ/MRBH, own coordinate for single-airport nodes",computed from OurAirports coordinates + ADR-0001 node definitions,https://davidmegginson.github.io/ourairports-data/airports.csv,2026-09-05,A
SBCY,SBFZ,2333.07,"great-circle (haversine, R=6371.0088 km); node coordinate = simple unweighted centroid of constituent airports for MRSP/MRRJ/MRBH, own coordinate for single-airport nodes",computed from OurAirports coordinates + ADR-0001 node definitions,https://davidmegginson.github.io/ourairports-data/airports.csv,2026-09-05,A
SBCY,SBGO,744.53,"great-circle (haversine, R=6371.0088 km); node coordinate = simple unweighted centroid of constituent airports for MRSP/MRRJ/MRBH, own coordinate for single-airport nodes",computed from OurAirports coordinates + ADR-0001 node definitions,https://davidmegginson.github.io/ourairports-data/airports.csv,2026-09-05,A
SBCY,SBJP,2490.72,"great-circle (haversine, R=6371.0088 km); node coordinate = simple unweighted centroid of constituent airports for MRSP/MRRJ/MRBH, own coordinate for single-airport nodes",computed from OurAirports coordinates + ADR-0001 node definitions,https://davidmegginson.github.io/ourairports-data/airports.csv,2026-09-05,A
SBCY,SBMO,2307.31,"great-circle (haversine, R=6371.0088 km); node coordinate = simple unweighted centroid of constituent airports for MRSP/MRRJ/MRBH, own coordinate for single-airport nodes",computed from OurAirports coordinates + ADR-0001 node definitions,https://davidmegginson.github.io/ourairports-data/airports.csv,2026-09-05,A
SBCY,SBMQ,1831.9,"great-circle (haversine, R=6371.0088 km); node coordinate = simple unweighted centroid of constituent airports for MRSP/MRRJ/MRBH, own coordinate for single-airport nodes",computed from OurAirports coordinates + ADR-0001 node definitions,https://davidmegginson.github.io/ourairports-data/airports.csv,2026-09-05,A
SBCY,SBNT,2520.67,"great-circle (haversine, R=6371.0088 km); node coordinate = simple unweighted centroid of constituent airports for MRSP/MRRJ/MRBH, own coordinate for single-airport nodes",computed from OurAirports coordinates + ADR-0001 node definitions,https://davidmegginson.github.io/ourairports-data/airports.csv,2026-09-05,A
SBCY,SBPA,1672.76,"great-circle (haversine, R=6371.0088 km); node coordinate = simple unweighted centroid of constituent airports for MRSP/MRRJ/MRBH, own coordinate for single-airport nodes",computed from OurAirports coordinates + ADR-0001 node definitions,https://davidmegginson.github.io/ourairports-data/airports.csv,2026-09-05,A
SBCY,SBPJ,1030.4,"great-circle (haversine, R=6371.0088 km); node coordinate = simple unweighted centroid of constituent airports for MRSP/MRRJ/MRBH, own coordinate for single-airport nodes",computed from OurAirports coordinates + ADR-0001 node definitions,https://davidmegginson.github.io/ourairports-data/airports.csv,2026-09-05,A
SBCY,SBPV,1145.13,"great-circle (haversine, R=6371.0088 km); node coordinate = simple unweighted centroid of constituent airports for MRSP/MRRJ/MRBH, own coordinate for single-airport nodes",computed from OurAirports coordinates + ADR-0001 node definitions,https://davidmegginson.github.io/ourairports-data/airports.csv,2026-09-05,A
SBCY,SBRB,1429.36,"great-circle (haversine, R=6371.0088 km); node coordinate = simple unweighted centroid of constituent airports for MRSP/MRRJ/MRBH, own coordinate for single-airport nodes",computed from OurAirports coordinates + ADR-0001 node definitions,https://davidmegginson.github.io/ourairports-data/airports.csv,2026-09-05,A
SBCY,SBRF,2450.9,"great-circle (haversine, R=6371.0088 km); node coordinate = simple unweighted centroid of constituent airports for MRSP/MRRJ/MRBH, own coordinate for single-airport nodes",computed from OurAirports coordinates + ADR-0001 node definitions,https://davidmegginson.github.io/ourairports-data/airports.csv,2026-09-05,A
SBCY,SBSL,1950.53,"great-circle (haversine, R=6371.0088 km); node coordinate = simple unweighted centroid of constituent airports for MRSP/MRRJ/MRBH, own coordinate for single-airport nodes",computed from OurAirports coordinates + ADR-0001 node definitions,https://davidmegginson.github.io/ourairports-data/airports.csv,2026-09-05,A
SBCY,SBSV,1940.93,"great-circle (haversine, R=6371.0088 km); node coordinate = simple unweighted centroid of constituent airports for MRSP/MRRJ/MRBH, own coordinate for single-airport nodes",computed from OurAirports coordinates + ADR-0001 node definitions,https://davidmegginson.github.io/ourairports-data/airports.csv,2026-09-05,A
SBCY,SBTE,1869.38,"great-circle (haversine, R=6371.0088 km); node coordinate = simple unweighted centroid of constituent airports for MRSP/MRRJ/MRBH, own coordinate for single-airport nodes",computed from OurAirports coordinates + ADR-0001 node definitions,https://davidmegginson.github.io/ourairports-data/airports.csv,2026-09-05,A
SBCY,SBVT,1750.15,"great-circle (haversine, R=6371.0088 km); node coordinate = simple unweighted centroid of constituent airports for MRSP/MRRJ/MRBH, own coordinate for single-airport nodes",computed from OurAirports coordinates + ADR-0001 node definitions,https://davidmegginson.github.io/ourairports-data/airports.csv,2026-09-05,A
SBEG,MRBH,2549.79,"great-circle (haversine, R=6371.0088 km); node coordinate = simple unweighted centroid of constituent airports for MRSP/MRRJ/MRBH, own coordinate for single-airport nodes",computed from OurAirports coordinates + ADR-0001 node definitions,https://davidmegginson.github.io/ourairports-data/airports.csv,2026-09-05,A
SBEG,MRRJ,2854.73,"great-circle (haversine, R=6371.0088 km); node coordinate = simple unweighted centroid of constituent airports for MRSP/MRRJ/MRBH, own coordinate for single-airport nodes",computed from OurAirports coordinates + ADR-0001 node definitions,https://davidmegginson.github.io/ourairports-data/airports.csv,2026-09-05,A
SBEG,MRSP,2673.93,"great-circle (haversine, R=6371.0088 km); node coordinate = simple unweighted centroid of constituent airports for MRSP/MRRJ/MRBH, own coordinate for single-airport nodes",computed from OurAirports coordinates + ADR-0001 node definitions,https://davidmegginson.github.io/ourairports-data/airports.csv,2026-09-05,A
SBEG,SBAR,2683.05,"great-circle (haversine, R=6371.0088 km); node coordinate = simple unweighted centroid of constituent airports for MRSP/MRRJ/MRBH, own coordinate for single-airport nodes",computed from OurAirports coordinates + ADR-0001 node definitions,https://davidmegginson.github.io/ourairports-data/airports.csv,2026-09-05,A
SBEG,SBBE,1299.08,"great-circle (haversine, R=6371.0088 km); node coordinate = simple unweighted centroid of constituent airports for MRSP/MRRJ/MRBH, own coordinate for single-airport nodes",computed from OurAirports coordinates + ADR-0001 node definitions,https://davidmegginson.github.io/ourairports-data/airports.csv,2026-09-05,A
SBEG,SBBR,1948.61,"great-circle (haversine, R=6371.0088 km); node coordinate = simple unweighted centroid of constituent airports for MRSP/MRRJ/MRBH, own coordinate for single-airport nodes",computed from OurAirports coordinates + ADR-0001 node definitions,https://davidmegginson.github.io/ourairports-data/airports.csv,2026-09-05,A
SBEG,SBBV,658.22,"great-circle (haversine, R=6371.0088 km); node coordinate = simple unweighted centroid of constituent airports for MRSP/MRRJ/MRBH, own coordinate for single-airport nodes",computed from OurAirports coordinates + ADR-0001 node definitions,https://davidmegginson.github.io/ourairports-data/airports.csv,2026-09-05,A
SBEG,SBCG,2023.96,"great-circle (haversine, R=6371.0088 km); node coordinate = simple unweighted centroid of constituent airports for MRSP/MRRJ/MRBH, own coordinate for single-airport nodes",computed from OurAirports coordinates + ADR-0001 node definitions,https://davidmegginson.github.io/ourairports-data/airports.csv,2026-09-05,A
SBEG,SBCT,2757.79,"great-circle (haversine, R=6371.0088 km); node coordinate = simple unweighted centroid of constituent airports for MRSP/MRRJ/MRBH, own coordinate for single-airport nodes",computed from OurAirports coordinates + ADR-0001 node definitions,https://davidmegginson.github.io/ourairports-data/airports.csv,2026-09-05,A
SBEG,SBCY,1467.25,"great-circle (haversine, R=6371.0088 km); node coordinate = simple unweighted centroid of constituent airports for MRSP/MRRJ/MRBH, own coordinate for single-airport nodes",computed from OurAirports coordinates + ADR-0001 node definitions,https://davidmegginson.github.io/ourairports-data/airports.csv,2026-09-05,A
SBEG,SBFL,2998.71,"great-circle (haversine, R=6371.0088 km); node coordinate = simple unweighted centroid of constituent airports for MRSP/MRRJ/MRBH, own coordinate for single-airport nodes",computed from OurAirports coordinates + ADR-0001 node definitions,https://davidmegginson.github.io/ourairports-data/airports.csv,2026-09-05,A
SBEG,SBFZ,2389.75,"great-circle (haversine, R=6371.0088 km); node coordinate = simple unweighted centroid of constituent airports for MRSP/MRRJ/MRBH, own coordinate for single-airport nodes",computed from OurAirports coordinates + ADR-0001 node definitions,https://davidmegginson.github.io/ourairports-data/airports.csv,2026-09-05,A
SBEG,SBGO,1919.63,"great-circle (haversine, R=6371.0088 km); node coordinate = simple unweighted centroid of constituent airports for MRSP/MRRJ/MRBH, own coordinate for single-airport nodes",computed from OurAirports coordinates + ADR-0001 node definitions,https://davidmegginson.github.io/ourairports-data/airports.csv,2026-09-05,A
SBEG,SBJP,2816.42,"great-circle (haversine, R=6371.0088 km); node coordinate = simple unweighted centroid of constituent airports for MRSP/MRRJ/MRBH, own coordinate for single-airport nodes",computed from OurAirports coordinates + ADR-0001 node definitions,https://davidmegginson.github.io/ourairports-data/airports.csv,2026-09-05,A
SBEG,SBMO,2774.48,"great-circle (haversine, R=6371.0088 km); node coordinate = simple unweighted centroid of constituent airports for MRSP/MRRJ/MRBH, own coordinate for single-airport nodes",computed from OurAirports coordinates + ADR-0001 node definitions,https://davidmegginson.github.io/ourairports-data/airports.csv,2026-09-05,A
SBEG,SBMQ,1055.27,"great-circle (haversine, R=6371.0088 km); node coordinate = simple unweighted centroid of constituent airports for MRSP/MRRJ/MRBH, own coordinate for single-airport nodes",computed from OurAirports coordinates + ADR-0001 node definitions,https://davidmegginson.github.io/ourairports-data/airports.csv,2026-09-05,A
SBEG,SBNT,2767.52,"great-circle (haversine, R=6371.0088 km); node coordinate = simple unweighted centroid of constituent airports for MRSP/MRRJ/MRBH, own coordinate for single-airport nodes",computed from OurAirports coordinates + ADR-0001 node definitions,https://davidmegginson.github.io/ourairports-data/airports.csv,2026-09-05,A
SBEG,SBPA,3139.95,"great-circle (haversine, R=6371.0088 km); node coordinate = simple unweighted centroid of constituent airports for MRSP/MRRJ/MRBH, own coordinate for single-airport nodes",computed from OurAirports coordinates + ADR-0001 node definitions,https://davidmegginson.github.io/ourairports-data/airports.csv,2026-09-05,A
SBEG,SBPJ,1521.74,"great-circle (haversine, R=6371.0088 km); node coordinate = simple unweighted centroid of constituent airports for MRSP/MRRJ/MRBH, own coordinate for single-airport nodes",computed from OurAirports coordinates + ADR-0001 node definitions,https://davidmegginson.github.io/ourairports-data/airports.csv,2026-09-05,A
SBEG,SBPV,760.87,"great-circle (haversine, R=6371.0088 km); node coordinate = simple unweighted centroid of constituent airports for MRSP/MRRJ/MRBH, own coordinate for single-airport nodes",computed from OurAirports coordinates + ADR-0001 node definitions,https://davidmegginson.github.io/ourairports-data/airports.csv,2026-09-05,A
SBEG,SBRB,1152.0,"great-circle (haversine, R=6371.0088 km); node coordinate = simple unweighted centroid of constituent airports for MRSP/MRRJ/MRBH, own coordinate for single-airport nodes",computed from OurAirports coordinates + ADR-0001 node definitions,https://davidmegginson.github.io/ourairports-data/airports.csv,2026-09-05,A
SBEG,SBRF,2836.57,"great-circle (haversine, R=6371.0088 km); node coordinate = simple unweighted centroid of constituent airports for MRSP/MRRJ/MRBH, own coordinate for single-airport nodes",computed from OurAirports coordinates + ADR-0001 node definitions,https://davidmegginson.github.io/ourairports-data/airports.csv,2026-09-05,A
SBEG,SBSL,1757.1,"great-circle (haversine, R=6371.0088 km); node coordinate = simple unweighted centroid of constituent airports for MRSP/MRRJ/MRBH, own coordinate for single-airport nodes",computed from OurAirports coordinates + ADR-0001 node definitions,https://davidmegginson.github.io/ourairports-data/airports.csv,2026-09-05,A
SBEG,SBSV,2629.19,"great-circle (haversine, R=6371.0088 km); node coordinate = simple unweighted centroid of constituent airports for MRSP/MRRJ/MRBH, own coordinate for single-airport nodes",computed from OurAirports coordinates + ADR-0001 node definitions,https://davidmegginson.github.io/ourairports-data/airports.csv,2026-09-05,A
SBEG,SBTE,1923.71,"great-circle (haversine, R=6371.0088 km); node coordinate = simple unweighted centroid of constituent airports for MRSP/MRRJ/MRBH, own coordinate for single-airport nodes",computed from OurAirports coordinates + ADR-0001 node definitions,https://davidmegginson.github.io/ourairports-data/airports.csv,2026-09-05,A
SBEG,SBVT,2873.65,"great-circle (haversine, R=6371.0088 km); node coordinate = simple unweighted centroid of constituent airports for MRSP/MRRJ/MRBH, own coordinate for single-airport nodes",computed from OurAirports coordinates + ADR-0001 node definitions,https://davidmegginson.github.io/ourairports-data/airports.csv,2026-09-05,A
SBFL,MRBH,997.57,"great-circle (haversine, R=6371.0088 km); node coordinate = simple unweighted centroid of constituent airports for MRSP/MRRJ/MRBH, own coordinate for single-airport nodes",computed from OurAirports coordinates + ADR-0001 node definitions,https://davidmegginson.github.io/ourairports-data/airports.csv,2026-09-05,A
SBFL,MRRJ,758.11,"great-circle (haversine, R=6371.0088 km); node coordinate = simple unweighted centroid of constituent airports for MRSP/MRRJ/MRBH, own coordinate for single-airport nodes",computed from OurAirports coordinates + ADR-0001 node definitions,https://davidmegginson.github.io/ourairports-data/airports.csv,2026-09-05,A
SBFL,MRSP,512.62,"great-circle (haversine, R=6371.0088 km); node coordinate = simple unweighted centroid of constituent airports for MRSP/MRRJ/MRBH, own coordinate for single-airport nodes",computed from OurAirports coordinates + ADR-0001 node definitions,https://davidmegginson.github.io/ourairports-data/airports.csv,2026-09-05,A
SBFL,SBAR,2208.83,"great-circle (haversine, R=6371.0088 km); node coordinate = simple unweighted centroid of constituent airports for MRSP/MRRJ/MRBH, own coordinate for single-airport nodes",computed from OurAirports coordinates + ADR-0001 node definitions,https://davidmegginson.github.io/ourairports-data/airports.csv,2026-09-05,A
SBFL,SBBE,2923.44,"great-circle (haversine, R=6371.0088 km); node coordinate = simple unweighted centroid of constituent airports for MRSP/MRRJ/MRBH, own coordinate for single-airport nodes",computed from OurAirports coordinates + ADR-0001 node definitions,https://davidmegginson.github.io/ourairports-data/airports.csv,2026-09-05,A
SBFL,SBBR,1313.84,"great-circle (haversine, R=6371.0088 km); node coordinate = simple unweighted centroid of constituent airports for MRSP/MRRJ/MRBH, own coordinate for single-airport nodes",computed from OurAirports coordinates + ADR-0001 node definitions,https://davidmegginson.github.io/ourairports-data/airports.csv,2026-09-05,A
SBFL,SBBV,3633.75,"great-circle (haversine, R=6371.0088 km); node coordinate = simple unweighted centroid of constituent airports for MRSP/MRRJ/MRBH, own coordinate for single-airport nodes",computed from OurAirports coordinates + ADR-0001 node definitions,https://davidmegginson.github.io/ourairports-data/airports.csv,2026-09-05,A
SBFL,SBCG,1013.11,"great-circle (haversine, R=6371.0088 km); node coordinate = simple unweighted centroid of constituent airports for MRSP/MRRJ/MRBH, own coordinate for single-airport nodes",computed from OurAirports coordinates + ADR-0001 node definitions,https://davidmegginson.github.io/ourairports-data/airports.csv,2026-09-05,A
SBFL,SBCT,246.08,"great-circle (haversine, R=6371.0088 km); node coordinate = simple unweighted centroid of constituent airports for MRSP/MRRJ/MRBH, own coordinate for single-airport nodes",computed from OurAirports coordinates + ADR-0001 node definitions,https://davidmegginson.github.io/ourairports-data/airports.csv,2026-09-05,A
SBFL,SBCY,1547.02,"great-circle (haversine, R=6371.0088 km); node coordinate = simple unweighted centroid of constituent airports for MRSP/MRRJ/MRBH, own coordinate for single-airport nodes",computed from OurAirports coordinates + ADR-0001 node definitions,https://davidmegginson.github.io/ourairports-data/airports.csv,2026-09-05,A
SBFL,SBEG,2998.71,"great-circle (haversine, R=6371.0088 km); node coordinate = simple unweighted centroid of constituent airports for MRSP/MRRJ/MRBH, own coordinate for single-airport nodes",computed from OurAirports coordinates + ADR-0001 node definitions,https://davidmegginson.github.io/ourairports-data/airports.csv,2026-09-05,A
SBFL,SBFZ,2861.59,"great-circle (haversine, R=6371.0088 km); node coordinate = simple unweighted centroid of constituent airports for MRSP/MRRJ/MRBH, own coordinate for single-airport nodes",computed from OurAirports coordinates + ADR-0001 node definitions,https://davidmegginson.github.io/ourairports-data/airports.csv,2026-09-05,A
SBFL,SBGO,1229.32,"great-circle (haversine, R=6371.0088 km); node coordinate = simple unweighted centroid of constituent airports for MRSP/MRRJ/MRBH, own coordinate for single-airport nodes",computed from OurAirports coordinates + ADR-0001 node definitions,https://davidmegginson.github.io/ourairports-data/airports.csv,2026-09-05,A
SBFL,SBJP,2694.44,"great-circle (haversine, R=6371.0088 km); node coordinate = simple unweighted centroid of constituent airports for MRSP/MRRJ/MRBH, own coordinate for single-airport nodes",computed from OurAirports coordinates + ADR-0001 node definitions,https://davidmegginson.github.io/ourairports-data/airports.csv,2026-09-05,A
SBFL,SBMO,2421.6,"great-circle (haversine, R=6371.0088 km); node coordinate = simple unweighted centroid of constituent airports for MRSP/MRRJ/MRBH, own coordinate for single-airport nodes",computed from OurAirports coordinates + ADR-0001 node definitions,https://davidmegginson.github.io/ourairports-data/airports.csv,2026-09-05,A
SBFL,SBMQ,3094.14,"great-circle (haversine, R=6371.0088 km); node coordinate = simple unweighted centroid of constituent airports for MRSP/MRRJ/MRBH, own coordinate for single-airport nodes",computed from OurAirports coordinates + ADR-0001 node definitions,https://davidmegginson.github.io/ourairports-data/airports.csv,2026-09-05,A
SBFL,SBNT,2797.91,"great-circle (haversine, R=6371.0088 km); node coordinate = simple unweighted centroid of constituent airports for MRSP/MRRJ/MRBH, own coordinate for single-airport nodes",computed from OurAirports coordinates + ADR-0001 node definitions,https://davidmegginson.github.io/ourairports-data/airports.csv,2026-09-05,A
SBFL,SBPA,362.81,"great-circle (haversine, R=6371.0088 km); node coordinate = simple unweighted centroid of constituent airports for MRSP/MRRJ/MRBH, own coordinate for single-airport nodes",computed from OurAirports coordinates + ADR-0001 node definitions,https://davidmegginson.github.io/ourairports-data/airports.csv,2026-09-05,A
SBFL,SBPJ,1932.54,"great-circle (haversine, R=6371.0088 km); node coordinate = simple unweighted centroid of constituent airports for MRSP/MRRJ/MRBH, own coordinate for single-airport nodes",computed from OurAirports coordinates + ADR-0001 node definitions,https://davidmegginson.github.io/ourairports-data/airports.csv,2026-09-05,A
SBFL,SBPV,2653.58,"great-circle (haversine, R=6371.0088 km); node coordinate = simple unweighted centroid of constituent airports for MRSP/MRRJ/MRBH, own coordinate for single-airport nodes",computed from OurAirports coordinates + ADR-0001 node definitions,https://davidmegginson.github.io/ourairports-data/airports.csv,2026-09-05,A
SBFL,SBRB,2831.13,"great-circle (haversine, R=6371.0088 km); node coordinate = simple unweighted centroid of constituent airports for MRSP/MRRJ/MRBH, own coordinate for single-airport nodes",computed from OurAirports coordinates + ADR-0001 node definitions,https://davidmegginson.github.io/ourairports-data/airports.csv,2026-09-05,A
SBFL,SBRF,2602.8,"great-circle (haversine, R=6371.0088 km); node coordinate = simple unweighted centroid of constituent airports for MRSP/MRRJ/MRBH, own coordinate for single-airport nodes",computed from OurAirports coordinates + ADR-0001 node definitions,https://davidmegginson.github.io/ourairports-data/airports.csv,2026-09-05,A
SBFL,SBSL,2826.7,"great-circle (haversine, R=6371.0088 km); node coordinate = simple unweighted centroid of constituent airports for MRSP/MRRJ/MRBH, own coordinate for single-airport nodes",computed from OurAirports coordinates + ADR-0001 node definitions,https://davidmegginson.github.io/ourairports-data/airports.csv,2026-09-05,A
SBFL,SBSV,1955.35,"great-circle (haversine, R=6371.0088 km); node coordinate = simple unweighted centroid of constituent airports for MRSP/MRRJ/MRBH, own coordinate for single-airport nodes",computed from OurAirports coordinates + ADR-0001 node definitions,https://davidmegginson.github.io/ourairports-data/airports.csv,2026-09-05,A
SBFL,SBTE,2586.16,"great-circle (haversine, R=6371.0088 km); node coordinate = simple unweighted centroid of constituent airports for MRSP/MRRJ/MRBH, own coordinate for single-airport nodes",computed from OurAirports coordinates + ADR-0001 node definitions,https://davidmegginson.github.io/ourairports-data/airports.csv,2026-09-05,A
SBFL,SBVT,1176.12,"great-circle (haversine, R=6371.0088 km); node coordinate = simple unweighted centroid of constituent airports for MRSP/MRRJ/MRBH, own coordinate for single-airport nodes",computed from OurAirports coordinates + ADR-0001 node definitions,https://davidmegginson.github.io/ourairports-data/airports.csv,2026-09-05,A
SBFZ,MRBH,1870.5,"great-circle (haversine, R=6371.0088 km); node coordinate = simple unweighted centroid of constituent airports for MRSP/MRRJ/MRBH, own coordinate for single-airport nodes",computed from OurAirports coordinates + ADR-0001 node definitions,https://davidmegginson.github.io/ourairports-data/airports.csv,2026-09-05,A
SBFZ,MRRJ,2180.9,"great-circle (haversine, R=6371.0088 km); node coordinate = simple unweighted centroid of constituent airports for MRSP/MRRJ/MRBH, own coordinate for single-airport nodes",computed from OurAirports coordinates + ADR-0001 node definitions,https://davidmegginson.github.io/ourairports-data/airports.csv,2026-09-05,A
SBFZ,MRSP,2349.58,"great-circle (haversine, R=6371.0088 km); node coordinate = simple unweighted centroid of constituent airports for MRSP/MRRJ/MRBH, own coordinate for single-airport nodes",computed from OurAirports coordinates + ADR-0001 node definitions,https://davidmegginson.github.io/ourairports-data/airports.csv,2026-09-05,A
SBFZ,SBAR,817.48,"great-circle (haversine, R=6371.0088 km); node coordinate = simple unweighted centroid of constituent airports for MRSP/MRRJ/MRBH, own coordinate for single-airport nodes",computed from OurAirports coordinates + ADR-0001 node definitions,https://davidmegginson.github.io/ourairports-data/airports.csv,2026-09-05,A
SBFZ,SBBE,1136.21,"great-circle (haversine, R=6371.0088 km); node coordinate = simple unweighted centroid of constituent airports for MRSP/MRRJ/MRBH, own coordinate for single-airport nodes",computed from OurAirports coordinates + ADR-0001 node definitions,https://davidmegginson.github.io/ourairports-data/airports.csv,2026-09-05,A
SBFZ,SBBR,1691.76,"great-circle (haversine, R=6371.0088 km); node coordinate = simple unweighted centroid of constituent airports for MRSP/MRRJ/MRBH, own coordinate for single-airport nodes",computed from OurAirports coordinates + ADR-0001 node definitions,https://davidmegginson.github.io/ourairports-data/airports.csv,2026-09-05,A
SBFZ,SBBV,2570.18,"great-circle (haversine, R=6371.0088 km); node coordinate = simple unweighted centroid of constituent airports for MRSP/MRRJ/MRBH, own coordinate for single-airport nodes",computed from OurAirports coordinates + ADR-0001 node definitions,https://davidmegginson.github.io/ourairports-data/airports.csv,2026-09-05,A
SBFZ,SBCG,2549.43,"great-circle (haversine, R=6371.0088 km); node coordinate = simple unweighted centroid of constituent airports for MRSP/MRRJ/MRBH, own coordinate for single-airport nodes",computed from OurAirports coordinates + ADR-0001 node definitions,https://davidmegginson.github.io/ourairports-data/airports.csv,2026-09-05,A
SBFZ,SBCT,2672.51,"great-circle (haversine, R=6371.0088 km); node coordinate = simple unweighted centroid of constituent airports for MRSP/MRRJ/MRBH, own coordinate for single-airport nodes",computed from OurAirports coordinates + ADR-0001 node definitions,https://davidmegginson.github.io/ourairports-data/airports.csv,2026-09-05,A
SBFZ,SBCY,2333.07,"great-circle (haversine, R=6371.0088 km); node coordinate = simple unweighted centroid of constituent airports for MRSP/MRRJ/MRBH, own coordinate for single-airport nodes",computed from OurAirports coordinates + ADR-0001 node definitions,https://davidmegginson.github.io/ourairports-data/airports.csv,2026-09-05,A
SBFZ,SBEG,2389.75,"great-circle (haversine, R=6371.0088 km); node coordinate = simple unweighted centroid of constituent airports for MRSP/MRRJ/MRBH, own coordinate for single-airport nodes",computed from OurAirports coordinates + ADR-0001 node definitions,https://davidmegginson.github.io/ourairports-data/airports.csv,2026-09-05,A
SBFZ,SBFL,2861.59,"great-circle (haversine, R=6371.0088 km); node coordinate = simple unweighted centroid of constituent airports for MRSP/MRRJ/MRBH, own coordinate for single-airport nodes",computed from OurAirports coordinates + ADR-0001 node definitions,https://davidmegginson.github.io/ourairports-data/airports.csv,2026-09-05,A
SBFZ,SBGO,1845.37,"great-circle (haversine, R=6371.0088 km); node coordinate = simple unweighted centroid of constituent airports for MRSP/MRRJ/MRBH, own coordinate for single-airport nodes",computed from OurAirports coordinates + ADR-0001 node definitions,https://davidmegginson.github.io/ourairports-data/airports.csv,2026-09-05,A
SBFZ,SBJP,545.7,"great-circle (haversine, R=6371.0088 km); node coordinate = simple unweighted centroid of constituent airports for MRSP/MRRJ/MRBH, own coordinate for single-airport nodes",computed from OurAirports coordinates + ADR-0001 node definitions,https://davidmegginson.github.io/ourairports-data/airports.csv,2026-09-05,A
SBFZ,SBMO,706.0,"great-circle (haversine, R=6371.0088 km); node coordinate = simple unweighted centroid of constituent airports for MRSP/MRRJ/MRBH, own coordinate for single-airport nodes",computed from OurAirports coordinates + ADR-0001 node definitions,https://davidmegginson.github.io/ourairports-data/airports.csv,2026-09-05,A
SBFZ,SBMQ,1456.9,"great-circle (haversine, R=6371.0088 km); node coordinate = simple unweighted centroid of constituent airports for MRSP/MRRJ/MRBH, own coordinate for single-airport nodes",computed from OurAirports coordinates + ADR-0001 node definitions,https://davidmegginson.github.io/ourairports-data/airports.csv,2026-09-05,A
SBFZ,SBNT,434.52,"great-circle (haversine, R=6371.0088 km); node coordinate = simple unweighted centroid of constituent airports for MRSP/MRRJ/MRBH, own coordinate for single-airport nodes",computed from OurAirports coordinates + ADR-0001 node definitions,https://davidmegginson.github.io/ourairports-data/airports.csv,2026-09-05,A
SBFZ,SBPA,3203.97,"great-circle (haversine, R=6371.0088 km); node coordinate = simple unweighted centroid of constituent airports for MRSP/MRRJ/MRBH, own coordinate for single-airport nodes",computed from OurAirports coordinates + ADR-0001 node definitions,https://davidmegginson.github.io/ourairports-data/airports.csv,2026-09-05,A
SBFZ,SBPJ,1303.51,"great-circle (haversine, R=6371.0088 km); node coordinate = simple unweighted centroid of constituent airports for MRSP/MRRJ/MRBH, own coordinate for single-airport nodes",computed from OurAirports coordinates + ADR-0001 node definitions,https://davidmegginson.github.io/ourairports-data/airports.csv,2026-09-05,A
SBFZ,SBPV,2856.29,"great-circle (haversine, R=6371.0088 km); node coordinate = simple unweighted centroid of constituent airports for MRSP/MRRJ/MRBH, own coordinate for single-airport nodes",computed from OurAirports coordinates + ADR-0001 node definitions,https://davidmegginson.github.io/ourairports-data/airports.csv,2026-09-05,A
SBFZ,SBRB,3309.74,"great-circle (haversine, R=6371.0088 km); node coordinate = simple unweighted centroid of constituent airports for MRSP/MRRJ/MRBH, own coordinate for single-airport nodes",computed from OurAirports coordinates + ADR-0001 node definitions,https://davidmegginson.github.io/ourairports-data/airports.csv,2026-09-05,A
SBFZ,SBRF,627.21,"great-circle (haversine, R=6371.0088 km); node coordinate = simple unweighted centroid of constituent airports for MRSP/MRRJ/MRBH, own coordinate for single-airport nodes",computed from OurAirports coordinates + ADR-0001 node definitions,https://davidmegginson.github.io/ourairports-data/airports.csv,2026-09-05,A
SBFZ,SBSL,646.8,"great-circle (haversine, R=6371.0088 km); node coordinate = simple unweighted centroid of constituent airports for MRSP/MRRJ/MRBH, own coordinate for single-airport nodes",computed from OurAirports coordinates + ADR-0001 node definitions,https://davidmegginson.github.io/ourairports-data/airports.csv,2026-09-05,A
SBFZ,SBSV,1015.78,"great-circle (haversine, R=6371.0088 km); node coordinate = simple unweighted centroid of constituent airports for MRSP/MRRJ/MRBH, own coordinate for single-airport nodes",computed from OurAirports coordinates + ADR-0001 node definitions,https://davidmegginson.github.io/ourairports-data/airports.csv,2026-09-05,A
SBFZ,SBTE,496.74,"great-circle (haversine, R=6371.0088 km); node coordinate = simple unweighted centroid of constituent airports for MRSP/MRRJ/MRBH, own coordinate for single-airport nodes",computed from OurAirports coordinates + ADR-0001 node definitions,https://davidmegginson.github.io/ourairports-data/airports.csv,2026-09-05,A
SBFZ,SBVT,1842.55,"great-circle (haversine, R=6371.0088 km); node coordinate = simple unweighted centroid of constituent airports for MRSP/MRRJ/MRBH, own coordinate for single-airport nodes",computed from OurAirports coordinates + ADR-0001 node definitions,https://davidmegginson.github.io/ourairports-data/airports.csv,2026-09-05,A
SBGO,MRBH,654.65,"great-circle (haversine, R=6371.0088 km); node coordinate = simple unweighted centroid of constituent airports for MRSP/MRRJ/MRBH, own coordinate for single-airport nodes",computed from OurAirports coordinates + ADR-0001 node definitions,https://davidmegginson.github.io/ourairports-data/airports.csv,2026-09-05,A
SBGO,MRRJ,935.52,"great-circle (haversine, R=6371.0088 km); node coordinate = simple unweighted centroid of constituent airports for MRSP/MRRJ/MRBH, own coordinate for single-airport nodes",computed from OurAirports coordinates + ADR-0001 node definitions,https://davidmegginson.github.io/ourairports-data/airports.csv,2026-09-05,A
SBGO,MRSP,790.76,"great-circle (haversine, R=6371.0088 km); node coordinate = simple unweighted centroid of constituent airports for MRSP/MRRJ/MRBH, own coordinate for single-airport nodes",computed from OurAirports coordinates + ADR-0001 node definitions,https://davidmegginson.github.io/ourairports-data/airports.csv,2026-09-05,A
SBGO,SBAR,1453.64,"great-circle (haversine, R=6371.0088 km); node coordinate = simple unweighted centroid of constituent airports for MRSP/MRRJ/MRBH, own coordinate for single-airport nodes",computed from OurAirports coordinates + ADR-0001 node definitions,https://davidmegginson.github.io/ourairports-data/airports.csv,2026-09-05,A
SBGO,SBBE,1697.98,"great-circle (haversine, R=6371.0088 km); node coordinate = simple unweighted centroid of constituent airports for MRSP/MRRJ/MRBH, own coordinate for single-airport nodes",computed from OurAirports coordinates + ADR-0001 node definitions,https://davidmegginson.github.io/ourairports-data/airports.csv,2026-09-05,A
SBGO,SBBR,162.63,"great-circle (haversine, R=6371.0088 km); node coordinate = simple unweighted centroid of constituent airports for MRSP/MRRJ/MRBH, own coordinate for single-airport nodes",computed from OurAirports coordinates + ADR-0001 node definitions,https://davidmegginson.github.io/ourairports-data/airports.csv,2026-09-05,A
SBGO,SBBV,2505.59,"great-circle (haversine, R=6371.0088 km); node coordinate = simple unweighted centroid of constituent airports for MRSP/MRRJ/MRBH, own coordinate for single-airport nodes",computed from OurAirports coordinates + ADR-0001 node definitions,https://davidmegginson.github.io/ourairports-data/airports.csv,2026-09-05,A
SBGO,SBCG,715.83,"great-circle (haversine, R=6371.0088 km); node coordinate = simple unweighted centroid of constituent airports for MRSP/MRRJ/MRBH, own coordinate for single-airport nodes",computed from OurAirports coordinates + ADR-0001 node definitions,https://davidmegginson.github.io/ourairports-data/airports.csv,2026-09-05,A
SBGO,SBCT,989.26,"great-circle (haversine, R=6371.0088 km); node coordinate = simple unweighted centroid of constituent airports for MRSP/MRRJ/MRBH, own coordinate for single-airport nodes",computed from OurAirports coordinates + ADR-0001 node definitions,https://davidmegginson.github.io/ourairports-data/airports.csv,2026-09-05,A
SBGO,SBCY,744.53,"great-circle (haversine, R=6371.0088 km); node coordinate = simple unweighted centroid of constituent airports for MRSP/MRRJ/MRBH, own coordinate for single-airport nodes",computed from OurAirports coordinates + ADR-0001 node definitions,https://davidmegginson.github.io/ourairports-data/airports.csv,2026-09-05,A
SBGO,SBEG,1919.63,"great-circle (haversine, R=6371.0088 km); node coordinate = simple unweighted centroid of constituent airports for MRSP/MRRJ/MRBH, own coordinate for single-airport nodes",computed from OurAirports coordinates + ADR-0001 node definitions,https://davidmegginson.github.io/ourairports-data/airports.csv,2026-09-05,A
SBGO,SBFL,1229.32,"great-circle (haversine, R=6371.0088 km); node coordinate = simple unweighted centroid of constituent airports for MRSP/MRRJ/MRBH, own coordinate for single-airport nodes",computed from OurAirports coordinates + ADR-0001 node definitions,https://davidmegginson.github.io/ourairports-data/airports.csv,2026-09-05,A
SBGO,SBFZ,1845.37,"great-circle (haversine, R=6371.0088 km); node coordinate = simple unweighted centroid of constituent airports for MRSP/MRRJ/MRBH, own coordinate for single-airport nodes",computed from OurAirports coordinates + ADR-0001 node definitions,https://davidmegginson.github.io/ourairports-data/airports.csv,2026-09-05,A
SBGO,SBJP,1875.14,"great-circle (haversine, R=6371.0088 km); node coordinate = simple unweighted centroid of constituent airports for MRSP/MRRJ/MRBH, own coordinate for single-airport nodes",computed from OurAirports coordinates + ADR-0001 node definitions,https://davidmegginson.github.io/ourairports-data/airports.csv,2026-09-05,A
SBGO,SBMO,1654.9,"great-circle (haversine, R=6371.0088 km); node coordinate = simple unweighted centroid of constituent airports for MRSP/MRRJ/MRBH, own coordinate for single-airport nodes",computed from OurAirports coordinates + ADR-0001 node definitions,https://davidmegginson.github.io/ourairports-data/airports.csv,2026-09-05,A
SBGO,SBMQ,1866.1,"great-circle (haversine, R=6371.0088 km); node coordinate = simple unweighted centroid of constituent airports for MRSP/MRRJ/MRBH, own coordinate for single-airport nodes",computed from OurAirports coordinates + ADR-0001 node definitions,https://davidmegginson.github.io/ourairports-data/airports.csv,2026-09-05,A
SBGO,SBNT,1932.58,"great-circle (haversine, R=6371.0088 km); node coordinate = simple unweighted centroid of constituent airports for MRSP/MRRJ/MRBH, own coordinate for single-airport nodes",computed from OurAirports coordinates + ADR-0001 node definitions,https://davidmegginson.github.io/ourairports-data/airports.csv,2026-09-05,A
SBGO,SBPA,1498.93,"great-circle (haversine, R=6371.0088 km); node coordinate = simple unweighted centroid of constituent airports for MRSP/MRRJ/MRBH, own coordinate for single-airport nodes",computed from OurAirports coordinates + ADR-0001 node definitions,https://davidmegginson.github.io/ourairports-data/airports.csv,2026-09-05,A
SBGO,SBPJ,711.18,"great-circle (haversine, R=6371.0088 km); node coordinate = simple unweighted centroid of constituent airports for MRSP/MRRJ/MRBH, own coordinate for single-airport nodes",computed from OurAirports coordinates + ADR-0001 node definitions,https://davidmegginson.github.io/ourairports-data/airports.csv,2026-09-05,A
SBGO,SBPV,1818.75,"great-circle (haversine, R=6371.0088 km); node coordinate = simple unweighted centroid of constituent airports for MRSP/MRRJ/MRBH, own coordinate for single-airport nodes",computed from OurAirports coordinates + ADR-0001 node definitions,https://davidmegginson.github.io/ourairports-data/airports.csv,2026-09-05,A
SBGO,SBRB,2154.74,"great-circle (haversine, R=6371.0088 km); node coordinate = simple unweighted centroid of constituent airports for MRSP/MRRJ/MRBH, own coordinate for single-airport nodes",computed from OurAirports coordinates + ADR-0001 node definitions,https://davidmegginson.github.io/ourairports-data/airports.csv,2026-09-05,A
SBGO,SBRF,1816.6,"great-circle (haversine, R=6371.0088 km); node coordinate = simple unweighted centroid of constituent airports for MRSP/MRRJ/MRBH, own coordinate for single-airport nodes",computed from OurAirports coordinates + ADR-0001 node definitions,https://davidmegginson.github.io/ourairports-data/airports.csv,2026-09-05,A
SBGO,SBSL,1654.2,"great-circle (haversine, R=6371.0088 km); node coordinate = simple unweighted centroid of constituent airports for MRSP/MRRJ/MRBH, own coordinate for single-airport nodes",computed from OurAirports coordinates + ADR-0001 node definitions,https://davidmegginson.github.io/ourairports-data/airports.csv,2026-09-05,A
SBGO,SBSV,1242.43,"great-circle (haversine, R=6371.0088 km); node coordinate = simple unweighted centroid of constituent airports for MRSP/MRRJ/MRBH, own coordinate for single-airport nodes",computed from OurAirports coordinates + ADR-0001 node definitions,https://davidmegginson.github.io/ourairports-data/airports.csv,2026-09-05,A
SBGO,SBTE,1463.5,"great-circle (haversine, R=6371.0088 km); node coordinate = simple unweighted centroid of constituent airports for MRSP/MRRJ/MRBH, own coordinate for single-airport nodes",computed from OurAirports coordinates + ADR-0001 node definitions,https://davidmegginson.github.io/ourairports-data/airports.csv,2026-09-05,A
SBGO,SBVT,1024.9,"great-circle (haversine, R=6371.0088 km); node coordinate = simple unweighted centroid of constituent airports for MRSP/MRRJ/MRBH, own coordinate for single-airport nodes",computed from OurAirports coordinates + ADR-0001 node definitions,https://davidmegginson.github.io/ourairports-data/airports.csv,2026-09-05,A
SBJP,MRBH,1704.62,"great-circle (haversine, R=6371.0088 km); node coordinate = simple unweighted centroid of constituent airports for MRSP/MRRJ/MRBH, own coordinate for single-airport nodes",computed from OurAirports coordinates + ADR-0001 node definitions,https://davidmegginson.github.io/ourairports-data/airports.csv,2026-09-05,A
SBJP,MRRJ,1957.64,"great-circle (haversine, R=6371.0088 km); node coordinate = simple unweighted centroid of constituent airports for MRSP/MRRJ/MRBH, own coordinate for single-airport nodes",computed from OurAirports coordinates + ADR-0001 node definitions,https://davidmegginson.github.io/ourairports-data/airports.csv,2026-09-05,A
SBJP,MRSP,2199.37,"great-circle (haversine, R=6371.0088 km); node coordinate = simple unweighted centroid of constituent airports for MRSP/MRRJ/MRBH, own coordinate for single-airport nodes",computed from OurAirports coordinates + ADR-0001 node definitions,https://davidmegginson.github.io/ourairports-data/airports.csv,2026-09-05,A
SBJP,SBAR,485.96,"great-circle (haversine, R=6371.0088 km); node coordinate = simple unweighted centroid of constituent airports for MRSP/MRRJ/MRBH, own coordinate for single-airport nodes",computed from OurAirports coordinates + ADR-0001 node definitions,https://davidmegginson.github.io/ourairports-data/airports.csv,2026-09-05,A
SBJP,SBBE,1630.66,"great-circle (haversine, R=6371.0088 km); node coordinate = simple unweighted centroid of constituent airports for MRSP/MRRJ/MRBH, own coordinate for single-airport nodes",computed from OurAirports coordinates + ADR-0001 node definitions,https://davidmegginson.github.io/ourairports-data/airports.csv,2026-09-05,A
SBJP,SBBR,1712.55,"great-circle (haversine, R=6371.0088 km); node coordinate = simple unweighted centroid of constituent airports for MRSP/MRRJ/MRBH, own coordinate for single-airport nodes",computed from OurAirports coordinates + ADR-0001 node definitions,https://davidmegginson.github.io/ourairports-data/airports.csv,2026-09-05,A
SBJP,SBBV,3065.05,"great-circle (haversine, R=6371.0088 km); node coordinate = simple unweighted centroid of constituent airports for MRSP/MRRJ/MRBH, own coordinate for single-airport nodes",computed from OurAirports coordinates + ADR-0001 node definitions,https://davidmegginson.github.io/ourairports-data/airports.csv,2026-09-05,A
SBJP,SBCG,2589.05,"great-circle (haversine, R=6371.0088 km); node coordinate = simple unweighted centroid of constituent airports for MRSP/MRRJ/MRBH, own coordinate for single-airport nodes",computed from OurAirports coordinates + ADR-0001 node definitions,https://davidmegginson.github.io/ourairports-data/airports.csv,2026-09-05,A
SBJP,SBCT,2540.67,"great-circle (haversine, R=6371.0088 km); node coordinate = simple unweighted centroid of constituent airports for MRSP/MRRJ/MRBH, own coordinate for single-airport nodes",computed from OurAirports coordinates + ADR-0001 node definitions,https://davidmegginson.github.io/ourairports-data/airports.csv,2026-09-05,A
SBJP,SBCY,2490.72,"great-circle (haversine, R=6371.0088 km); node coordinate = simple unweighted centroid of constituent airports for MRSP/MRRJ/MRBH, own coordinate for single-airport nodes",computed from OurAirports coordinates + ADR-0001 node definitions,https://davidmegginson.github.io/ourairports-data/airports.csv,2026-09-05,A
SBJP,SBEG,2816.42,"great-circle (haversine, R=6371.0088 km); node coordinate = simple unweighted centroid of constituent airports for MRSP/MRRJ/MRBH, own coordinate for single-airport nodes",computed from OurAirports coordinates + ADR-0001 node definitions,https://davidmegginson.github.io/ourairports-data/airports.csv,2026-09-05,A
SBJP,SBFL,2694.44,"great-circle (haversine, R=6371.0088 km); node coordinate = simple unweighted centroid of constituent airports for MRSP/MRRJ/MRBH, own coordinate for single-airport nodes",computed from OurAirports coordinates + ADR-0001 node definitions,https://davidmegginson.github.io/ourairports-data/airports.csv,2026-09-05,A
SBJP,SBFZ,545.7,"great-circle (haversine, R=6371.0088 km); node coordinate = simple unweighted centroid of constituent airports for MRSP/MRRJ/MRBH, own coordinate for single-airport nodes",computed from OurAirports coordinates + ADR-0001 node definitions,https://davidmegginson.github.io/ourairports-data/airports.csv,2026-09-05,A
SBJP,SBGO,1875.14,"great-circle (haversine, R=6371.0088 km); node coordinate = simple unweighted centroid of constituent airports for MRSP/MRRJ/MRBH, own coordinate for single-airport nodes",computed from OurAirports coordinates + ADR-0001 node definitions,https://davidmegginson.github.io/ourairports-data/airports.csv,2026-09-05,A
SBJP,SBMO,278.67,"great-circle (haversine, R=6371.0088 km); node coordinate = simple unweighted centroid of constituent airports for MRSP/MRRJ/MRBH, own coordinate for single-airport nodes",computed from OurAirports coordinates + ADR-0001 node definitions,https://davidmegginson.github.io/ourairports-data/airports.csv,2026-09-05,A
SBJP,SBMQ,1959.02,"great-circle (haversine, R=6371.0088 km); node coordinate = simple unweighted centroid of constituent airports for MRSP/MRRJ/MRBH, own coordinate for single-airport nodes",computed from OurAirports coordinates + ADR-0001 node definitions,https://davidmegginson.github.io/ourairports-data/airports.csv,2026-09-05,A
SBJP,SBNT,141.44,"great-circle (haversine, R=6371.0088 km); node coordinate = simple unweighted centroid of constituent airports for MRSP/MRRJ/MRBH, own coordinate for single-airport nodes",computed from OurAirports coordinates + ADR-0001 node definitions,https://davidmegginson.github.io/ourairports-data/airports.csv,2026-09-05,A
SBJP,SBPA,3052.99,"great-circle (haversine, R=6371.0088 km); node coordinate = simple unweighted centroid of constituent airports for MRSP/MRRJ/MRBH, own coordinate for single-airport nodes",computed from OurAirports coordinates + ADR-0001 node definitions,https://davidmegginson.github.io/ourairports-data/airports.csv,2026-09-05,A
SBJP,SBPJ,1514.1,"great-circle (haversine, R=6371.0088 km); node coordinate = simple unweighted centroid of constituent airports for MRSP/MRRJ/MRBH, own coordinate for single-airport nodes",computed from OurAirports coordinates + ADR-0001 node definitions,https://davidmegginson.github.io/ourairports-data/airports.csv,2026-09-05,A
SBJP,SBPV,3192.47,"great-circle (haversine, R=6371.0088 km); node coordinate = simple unweighted centroid of constituent airports for MRSP/MRRJ/MRBH, own coordinate for single-airport nodes",computed from OurAirports coordinates + ADR-0001 node definitions,https://davidmegginson.github.io/ourairports-data/airports.csv,2026-09-05,A
SBJP,SBRB,3633.94,"great-circle (haversine, R=6371.0088 km); node coordinate = simple unweighted centroid of constituent airports for MRSP/MRRJ/MRBH, own coordinate for single-airport nodes",computed from OurAirports coordinates + ADR-0001 node definitions,https://davidmegginson.github.io/ourairports-data/airports.csv,2026-09-05,A
SBJP,SBRF,108.88,"great-circle (haversine, R=6371.0088 km); node coordinate = simple unweighted centroid of constituent airports for MRSP/MRRJ/MRBH, own coordinate for single-airport nodes",computed from OurAirports coordinates + ADR-0001 node definitions,https://davidmegginson.github.io/ourairports-data/airports.csv,2026-09-05,A
SBJP,SBSL,1146.7,"great-circle (haversine, R=6371.0088 km); node coordinate = simple unweighted centroid of constituent airports for MRSP/MRRJ/MRBH, own coordinate for single-airport nodes",computed from OurAirports coordinates + ADR-0001 node definitions,https://davidmegginson.github.io/ourairports-data/airports.csv,2026-09-05,A
SBJP,SBSV,739.19,"great-circle (haversine, R=6371.0088 km); node coordinate = simple unweighted centroid of constituent airports for MRSP/MRRJ/MRBH, own coordinate for single-airport nodes",computed from OurAirports coordinates + ADR-0001 node definitions,https://davidmegginson.github.io/ourairports-data/airports.csv,2026-09-05,A
SBJP,SBTE,900.88,"great-circle (haversine, R=6371.0088 km); node coordinate = simple unweighted centroid of constituent airports for MRSP/MRRJ/MRBH, own coordinate for single-airport nodes",computed from OurAirports coordinates + ADR-0001 node definitions,https://davidmegginson.github.io/ourairports-data/airports.csv,2026-09-05,A
SBJP,SBVT,1566.92,"great-circle (haversine, R=6371.0088 km); node coordinate = simple unweighted centroid of constituent airports for MRSP/MRRJ/MRBH, own coordinate for single-airport nodes",computed from OurAirports coordinates + ADR-0001 node definitions,https://davidmegginson.github.io/ourairports-data/airports.csv,2026-09-05,A
SBMO,MRBH,1436.54,"great-circle (haversine, R=6371.0088 km); node coordinate = simple unweighted centroid of constituent airports for MRSP/MRRJ/MRBH, own coordinate for single-airport nodes",computed from OurAirports coordinates + ADR-0001 node definitions,https://davidmegginson.github.io/ourairports-data/airports.csv,2026-09-05,A
SBMO,MRRJ,1681.12,"great-circle (haversine, R=6371.0088 km); node coordinate = simple unweighted centroid of constituent airports for MRSP/MRRJ/MRBH, own coordinate for single-airport nodes",computed from OurAirports coordinates + ADR-0001 node definitions,https://davidmegginson.github.io/ourairports-data/airports.csv,2026-09-05,A
SBMO,MRSP,1930.6,"great-circle (haversine, R=6371.0088 km); node coordinate = simple unweighted centroid of constituent airports for MRSP/MRRJ/MRBH, own coordinate for single-airport nodes",computed from OurAirports coordinates + ADR-0001 node definitions,https://davidmegginson.github.io/ourairports-data/airports.csv,2026-09-05,A
SBMO,SBAR,215.44,"great-circle (haversine, R=6371.0088 km); node coordinate = simple unweighted centroid of constituent airports for MRSP/MRRJ/MRBH, own coordinate for single-airport nodes",computed from OurAirports coordinates + ADR-0001 node definitions,https://davidmegginson.github.io/ourairports-data/airports.csv,2026-09-05,A
SBMO,SBBE,1669.09,"great-circle (haversine, R=6371.0088 km); node coordinate = simple unweighted centroid of constituent airports for MRSP/MRRJ/MRBH, own coordinate for single-airport nodes",computed from OurAirports coordinates + ADR-0001 node definitions,https://davidmegginson.github.io/ourairports-data/airports.csv,2026-09-05,A
SBMO,SBBR,1492.78,"great-circle (haversine, R=6371.0088 km); node coordinate = simple unweighted centroid of constituent airports for MRSP/MRRJ/MRBH, own coordinate for single-airport nodes",computed from OurAirports coordinates + ADR-0001 node definitions,https://davidmegginson.github.io/ourairports-data/airports.csv,2026-09-05,A
SBMO,SBBV,3081.79,"great-circle (haversine, R=6371.0088 km); node coordinate = simple unweighted centroid of constituent airports for MRSP/MRRJ/MRBH, own coordinate for single-airport nodes",computed from OurAirports coordinates + ADR-0001 node definitions,https://davidmegginson.github.io/ourairports-data/airports.csv,2026-09-05,A
SBMO,SBCG,2362.22,"great-circle (haversine, R=6371.0088 km); node coordinate = simple unweighted centroid of constituent airports for MRSP/MRRJ/MRBH, own coordinate for single-airport nodes",computed from OurAirports coordinates + ADR-0001 node definitions,https://davidmegginson.github.io/ourairports-data/airports.csv,2026-09-05,A
SBMO,SBCT,2273.27,"great-circle (haversine, R=6371.0088 km); node coordinate = simple unweighted centroid of constituent airports for MRSP/MRRJ/MRBH, own coordinate for single-airport nodes",computed from OurAirports coordinates + ADR-0001 node definitions,https://davidmegginson.github.io/ourairports-data/airports.csv,2026-09-05,A
SBMO,SBCY,2307.31,"great-circle (haversine, R=6371.0088 km); node coordinate = simple unweighted centroid of constituent airports for MRSP/MRRJ/MRBH, own coordinate for single-airport nodes",computed from OurAirports coordinates + ADR-0001 node definitions,https://davidmegginson.github.io/ourairports-data/airports.csv,2026-09-05,A
SBMO,SBEG,2774.48,"great-circle (haversine, R=6371.0088 km); node coordinate = simple unweighted centroid of constituent airports for MRSP/MRRJ/MRBH, own coordinate for single-airport nodes",computed from OurAirports coordinates + ADR-0001 node definitions,https://davidmegginson.github.io/ourairports-data/airports.csv,2026-09-05,A
SBMO,SBFL,2421.6,"great-circle (haversine, R=6371.0088 km); node coordinate = simple unweighted centroid of constituent airports for MRSP/MRRJ/MRBH, own coordinate for single-airport nodes",computed from OurAirports coordinates + ADR-0001 node definitions,https://davidmegginson.github.io/ourairports-data/airports.csv,2026-09-05,A
SBMO,SBFZ,706.0,"great-circle (haversine, R=6371.0088 km); node coordinate = simple unweighted centroid of constituent airports for MRSP/MRRJ/MRBH, own coordinate for single-airport nodes",computed from OurAirports coordinates + ADR-0001 node definitions,https://davidmegginson.github.io/ourairports-data/airports.csv,2026-09-05,A
SBMO,SBGO,1654.9,"great-circle (haversine, R=6371.0088 km); node coordinate = simple unweighted centroid of constituent airports for MRSP/MRRJ/MRBH, own coordinate for single-airport nodes",computed from OurAirports coordinates + ADR-0001 node definitions,https://davidmegginson.github.io/ourairports-data/airports.csv,2026-09-05,A
SBMO,SBJP,278.67,"great-circle (haversine, R=6371.0088 km); node coordinate = simple unweighted centroid of constituent airports for MRSP/MRRJ/MRBH, own coordinate for single-airport nodes",computed from OurAirports coordinates + ADR-0001 node definitions,https://davidmegginson.github.io/ourairports-data/airports.csv,2026-09-05,A
SBMO,SBMQ,1997.79,"great-circle (haversine, R=6371.0088 km); node coordinate = simple unweighted centroid of constituent airports for MRSP/MRRJ/MRBH, own coordinate for single-airport nodes",computed from OurAirports coordinates + ADR-0001 node definitions,https://davidmegginson.github.io/ourairports-data/airports.csv,2026-09-05,A
SBMO,SBNT,404.89,"great-circle (haversine, R=6371.0088 km); node coordinate = simple unweighted centroid of constituent airports for MRSP/MRRJ/MRBH, own coordinate for single-airport nodes",computed from OurAirports coordinates + ADR-0001 node definitions,https://davidmegginson.github.io/ourairports-data/airports.csv,2026-09-05,A
SBMO,SBPA,2781.3,"great-circle (haversine, R=6371.0088 km); node coordinate = simple unweighted centroid of constituent airports for MRSP/MRRJ/MRBH, own coordinate for single-airport nodes",computed from OurAirports coordinates + ADR-0001 node definitions,https://davidmegginson.github.io/ourairports-data/airports.csv,2026-09-05,A
SBMO,SBPJ,1379.0,"great-circle (haversine, R=6371.0088 km); node coordinate = simple unweighted centroid of constituent airports for MRSP/MRRJ/MRBH, own coordinate for single-airport nodes",computed from OurAirports coordinates + ADR-0001 node definitions,https://davidmegginson.github.io/ourairports-data/airports.csv,2026-09-05,A
SBMO,SBPV,3086.79,"great-circle (haversine, R=6371.0088 km); node coordinate = simple unweighted centroid of constituent airports for MRSP/MRRJ/MRBH, own coordinate for single-airport nodes",computed from OurAirports coordinates + ADR-0001 node definitions,https://davidmegginson.github.io/ourairports-data/airports.csv,2026-09-05,A
SBMO,SBRB,3517.54,"great-circle (haversine, R=6371.0088 km); node coordinate = simple unweighted centroid of constituent airports for MRSP/MRRJ/MRBH, own coordinate for single-airport nodes",computed from OurAirports coordinates + ADR-0001 node definitions,https://davidmegginson.github.io/ourairports-data/airports.csv,2026-09-05,A
SBMO,SBRF,181.2,"great-circle (haversine, R=6371.0088 km); node coordinate = simple unweighted centroid of constituent airports for MRSP/MRRJ/MRBH, own coordinate for single-airport nodes",computed from OurAirports coordinates + ADR-0001 node definitions,https://davidmegginson.github.io/ourairports-data/airports.csv,2026-09-05,A
SBMO,SBSL,1209.82,"great-circle (haversine, R=6371.0088 km); node coordinate = simple unweighted centroid of constituent airports for MRSP/MRRJ/MRBH, own coordinate for single-airport nodes",computed from OurAirports coordinates + ADR-0001 node definitions,https://davidmegginson.github.io/ourairports-data/airports.csv,2026-09-05,A
SBMO,SBSV,467.72,"great-circle (haversine, R=6371.0088 km); node coordinate = simple unweighted centroid of constituent airports for MRSP/MRRJ/MRBH, own coordinate for single-airport nodes",computed from OurAirports coordinates + ADR-0001 node definitions,https://davidmegginson.github.io/ourairports-data/airports.csv,2026-09-05,A
SBMO,SBTE,919.96,"great-circle (haversine, R=6371.0088 km); node coordinate = simple unweighted centroid of constituent airports for MRSP/MRRJ/MRBH, own coordinate for single-airport nodes",computed from OurAirports coordinates + ADR-0001 node definitions,https://davidmegginson.github.io/ourairports-data/airports.csv,2026-09-05,A
SBMO,SBVT,1288.39,"great-circle (haversine, R=6371.0088 km); node coordinate = simple unweighted centroid of constituent airports for MRSP/MRRJ/MRBH, own coordinate for single-airport nodes",computed from OurAirports coordinates + ADR-0001 node definitions,https://davidmegginson.github.io/ourairports-data/airports.csv,2026-09-05,A
SBMQ,MRBH,2333.47,"great-circle (haversine, R=6371.0088 km); node coordinate = simple unweighted centroid of constituent airports for MRSP/MRRJ/MRBH, own coordinate for single-airport nodes",computed from OurAirports coordinates + ADR-0001 node definitions,https://davidmegginson.github.io/ourairports-data/airports.csv,2026-09-05,A
SBMQ,MRRJ,2685.9,"great-circle (haversine, R=6371.0088 km); node coordinate = simple unweighted centroid of constituent airports for MRSP/MRRJ/MRBH, own coordinate for single-airport nodes",computed from OurAirports coordinates + ADR-0001 node definitions,https://davidmegginson.github.io/ourairports-data/airports.csv,2026-09-05,A
SBMQ,MRSP,2644.15,"great-circle (haversine, R=6371.0088 km); node coordinate = simple unweighted centroid of constituent airports for MRSP/MRRJ/MRBH, own coordinate for single-airport nodes",computed from OurAirports coordinates + ADR-0001 node definitions,https://davidmegginson.github.io/ourairports-data/airports.csv,2026-09-05,A
SBMQ,SBAR,1974.58,"great-circle (haversine, R=6371.0088 km); node coordinate = simple unweighted centroid of constituent airports for MRSP/MRRJ/MRBH, own coordinate for single-airport nodes",computed from OurAirports coordinates + ADR-0001 node definitions,https://davidmegginson.github.io/ourairports-data/airports.csv,2026-09-05,A
SBMQ,SBBE,329.53,"great-circle (haversine, R=6371.0088 km); node coordinate = simple unweighted centroid of constituent airports for MRSP/MRRJ/MRBH, own coordinate for single-airport nodes",computed from OurAirports coordinates + ADR-0001 node definitions,https://davidmegginson.github.io/ourairports-data/airports.csv,2026-09-05,A
SBMQ,SBBR,1803.68,"great-circle (haversine, R=6371.0088 km); node coordinate = simple unweighted centroid of constituent airports for MRSP/MRRJ/MRBH, own coordinate for single-airport nodes",computed from OurAirports coordinates + ADR-0001 node definitions,https://davidmegginson.github.io/ourairports-data/airports.csv,2026-09-05,A
SBMQ,SBBV,1113.35,"great-circle (haversine, R=6371.0088 km); node coordinate = simple unweighted centroid of constituent airports for MRSP/MRRJ/MRBH, own coordinate for single-airport nodes",computed from OurAirports coordinates + ADR-0001 node definitions,https://davidmegginson.github.io/ourairports-data/airports.csv,2026-09-05,A
SBMQ,SBCG,2315.2,"great-circle (haversine, R=6371.0088 km); node coordinate = simple unweighted centroid of constituent airports for MRSP/MRRJ/MRBH, own coordinate for single-airport nodes",computed from OurAirports coordinates + ADR-0001 node definitions,https://davidmegginson.github.io/ourairports-data/airports.csv,2026-09-05,A
SBMQ,SBCT,2851.56,"great-circle (haversine, R=6371.0088 km); node coordinate = simple unweighted centroid of constituent airports for MRSP/MRRJ/MRBH, own coordinate for single-airport nodes",computed from OurAirports coordinates + ADR-0001 node definitions,https://davidmegginson.github.io/ourairports-data/airports.csv,2026-09-05,A
SBMQ,SBCY,1831.9,"great-circle (haversine, R=6371.0088 km); node coordinate = simple unweighted centroid of constituent airports for MRSP/MRRJ/MRBH, own coordinate for single-airport nodes",computed from OurAirports coordinates + ADR-0001 node definitions,https://davidmegginson.github.io/ourairports-data/airports.csv,2026-09-05,A
SBMQ,SBEG,1055.27,"great-circle (haversine, R=6371.0088 km); node coordinate = simple unweighted centroid of constituent airports for MRSP/MRRJ/MRBH, own coordinate for single-airport nodes",computed from OurAirports coordinates + ADR-0001 node definitions,https://davidmegginson.github.io/ourairports-data/airports.csv,2026-09-05,A
SBMQ,SBFL,3094.14,"great-circle (haversine, R=6371.0088 km); node coordinate = simple unweighted centroid of constituent airports for MRSP/MRRJ/MRBH, own coordinate for single-airport nodes",computed from OurAirports coordinates + ADR-0001 node definitions,https://davidmegginson.github.io/ourairports-data/airports.csv,2026-09-05,A
SBMQ,SBFZ,1456.9,"great-circle (haversine, R=6371.0088 km); node coordinate = simple unweighted centroid of constituent airports for MRSP/MRRJ/MRBH, own coordinate for single-airport nodes",computed from OurAirports coordinates + ADR-0001 node definitions,https://davidmegginson.github.io/ourairports-data/airports.csv,2026-09-05,A
SBMQ,SBGO,1866.1,"great-circle (haversine, R=6371.0088 km); node coordinate = simple unweighted centroid of constituent airports for MRSP/MRRJ/MRBH, own coordinate for single-airport nodes",computed from OurAirports coordinates + ADR-0001 node definitions,https://davidmegginson.github.io/ourairports-data/airports.csv,2026-09-05,A
SBMQ,SBJP,1959.02,"great-circle (haversine, R=6371.0088 km); node coordinate = simple unweighted centroid of constituent airports for MRSP/MRRJ/MRBH, own coordinate for single-airport nodes",computed from OurAirports coordinates + ADR-0001 node definitions,https://davidmegginson.github.io/ourairports-data/airports.csv,2026-09-05,A
SBMQ,SBMO,1997.79,"great-circle (haversine, R=6371.0088 km); node coordinate = simple unweighted centroid of constituent airports for MRSP/MRRJ/MRBH, own coordinate for single-airport nodes",computed from OurAirports coordinates + ADR-0001 node definitions,https://davidmegginson.github.io/ourairports-data/airports.csv,2026-09-05,A
SBMQ,SBNT,1877.44,"great-circle (haversine, R=6371.0088 km); node coordinate = simple unweighted centroid of constituent airports for MRSP/MRRJ/MRBH, own coordinate for single-airport nodes",computed from OurAirports coordinates + ADR-0001 node definitions,https://davidmegginson.github.io/ourairports-data/airports.csv,2026-09-05,A
SBMQ,SBPA,3340.83,"great-circle (haversine, R=6371.0088 km); node coordinate = simple unweighted centroid of constituent airports for MRSP/MRRJ/MRBH, own coordinate for single-airport nodes",computed from OurAirports coordinates + ADR-0001 node definitions,https://davidmegginson.github.io/ourairports-data/airports.csv,2026-09-05,A
SBMQ,SBPJ,1188.56,"great-circle (haversine, R=6371.0088 km); node coordinate = simple unweighted centroid of constituent airports for MRSP/MRRJ/MRBH, own coordinate for single-airport nodes",computed from OurAirports coordinates + ADR-0001 node definitions,https://davidmegginson.github.io/ourairports-data/airports.csv,2026-09-05,A
SBMQ,SBPV,1722.87,"great-circle (haversine, R=6371.0088 km); node coordinate = simple unweighted centroid of constituent airports for MRSP/MRRJ/MRBH, own coordinate for single-airport nodes",computed from OurAirports coordinates + ADR-0001 node definitions,https://davidmegginson.github.io/ourairports-data/airports.csv,2026-09-05,A
SBMQ,SBRB,2163.5,"great-circle (haversine, R=6371.0088 km); node coordinate = simple unweighted centroid of constituent airports for MRSP/MRRJ/MRBH, own coordinate for single-airport nodes",computed from OurAirports coordinates + ADR-0001 node definitions,https://davidmegginson.github.io/ourairports-data/airports.csv,2026-09-05,A
SBMQ,SBRF,2007.46,"great-circle (haversine, R=6371.0088 km); node coordinate = simple unweighted centroid of constituent airports for MRSP/MRRJ/MRBH, own coordinate for single-airport nodes",computed from OurAirports coordinates + ADR-0001 node definitions,https://davidmegginson.github.io/ourairports-data/airports.csv,2026-09-05,A
SBMQ,SBSL,814.61,"great-circle (haversine, R=6371.0088 km); node coordinate = simple unweighted centroid of constituent airports for MRSP/MRRJ/MRBH, own coordinate for single-airport nodes",computed from OurAirports coordinates + ADR-0001 node definitions,https://davidmegginson.github.io/ourairports-data/airports.csv,2026-09-05,A
SBMQ,SBSV,2013.03,"great-circle (haversine, R=6371.0088 km); node coordinate = simple unweighted centroid of constituent airports for MRSP/MRRJ/MRBH, own coordinate for single-airport nodes",computed from OurAirports coordinates + ADR-0001 node definitions,https://davidmegginson.github.io/ourairports-data/airports.csv,2026-09-05,A
SBMQ,SBTE,1077.98,"great-circle (haversine, R=6371.0088 km); node coordinate = simple unweighted centroid of constituent airports for MRSP/MRRJ/MRBH, own coordinate for single-airport nodes",computed from OurAirports coordinates + ADR-0001 node definitions,https://davidmegginson.github.io/ourairports-data/airports.csv,2026-09-05,A
SBMQ,SBVT,2545.17,"great-circle (haversine, R=6371.0088 km); node coordinate = simple unweighted centroid of constituent airports for MRSP/MRRJ/MRBH, own coordinate for single-airport nodes",computed from OurAirports coordinates + ADR-0001 node definitions,https://davidmegginson.github.io/ourairports-data/airports.csv,2026-09-05,A
SBNT,MRBH,1803.44,"great-circle (haversine, R=6371.0088 km); node coordinate = simple unweighted centroid of constituent airports for MRSP/MRRJ/MRBH, own coordinate for single-airport nodes",computed from OurAirports coordinates + ADR-0001 node definitions,https://davidmegginson.github.io/ourairports-data/airports.csv,2026-09-05,A
SBNT,MRRJ,2068.86,"great-circle (haversine, R=6371.0088 km); node coordinate = simple unweighted centroid of constituent airports for MRSP/MRRJ/MRBH, own coordinate for single-airport nodes",computed from OurAirports coordinates + ADR-0001 node definitions,https://davidmegginson.github.io/ourairports-data/airports.csv,2026-09-05,A
SBNT,MRSP,2297.82,"great-circle (haversine, R=6371.0088 km); node coordinate = simple unweighted centroid of constituent airports for MRSP/MRRJ/MRBH, own coordinate for single-airport nodes",computed from OurAirports coordinates + ADR-0001 node definitions,https://davidmegginson.github.io/ourairports-data/airports.csv,2026-09-05,A
SBNT,SBAR,598.68,"great-circle (haversine, R=6371.0088 km); node coordinate = simple unweighted centroid of constituent airports for MRSP/MRRJ/MRBH, own coordinate for single-airport nodes",computed from OurAirports coordinates + ADR-0001 node definitions,https://davidmegginson.github.io/ourairports-data/airports.csv,2026-09-05,A
SBNT,SBBE,1551.68,"great-circle (haversine, R=6371.0088 km); node coordinate = simple unweighted centroid of constituent airports for MRSP/MRRJ/MRBH, own coordinate for single-airport nodes",computed from OurAirports coordinates + ADR-0001 node definitions,https://davidmegginson.github.io/ourairports-data/airports.csv,2026-09-05,A
SBNT,SBBR,1770.68,"great-circle (haversine, R=6371.0088 km); node coordinate = simple unweighted centroid of constituent airports for MRSP/MRRJ/MRBH, own coordinate for single-airport nodes",computed from OurAirports coordinates + ADR-0001 node definitions,https://davidmegginson.github.io/ourairports-data/airports.csv,2026-09-05,A
SBNT,SBBV,2988.44,"great-circle (haversine, R=6371.0088 km); node coordinate = simple unweighted centroid of constituent airports for MRSP/MRRJ/MRBH, own coordinate for single-airport nodes",computed from OurAirports coordinates + ADR-0001 node definitions,https://davidmegginson.github.io/ourairports-data/airports.csv,2026-09-05,A
SBNT,SBCG,2648.34,"great-circle (haversine, R=6371.0088 km); node coordinate = simple unweighted centroid of constituent airports for MRSP/MRRJ/MRBH, own coordinate for single-airport nodes",computed from OurAirports coordinates + ADR-0001 node definitions,https://davidmegginson.github.io/ourairports-data/airports.csv,2026-09-05,A
SBNT,SBCT,2636.83,"great-circle (haversine, R=6371.0088 km); node coordinate = simple unweighted centroid of constituent airports for MRSP/MRRJ/MRBH, own coordinate for single-airport nodes",computed from OurAirports coordinates + ADR-0001 node definitions,https://davidmegginson.github.io/ourairports-data/airports.csv,2026-09-05,A
SBNT,SBCY,2520.67,"great-circle (haversine, R=6371.0088 km); node coordinate = simple unweighted centroid of constituent airports for MRSP/MRRJ/MRBH, own coordinate for single-airport nodes",computed from OurAirports coordinates + ADR-0001 node definitions,https://davidmegginson.github.io/ourairports-data/airports.csv,2026-09-05,A
SBNT,SBEG,2767.52,"great-circle (haversine, R=6371.0088 km); node coordinate = simple unweighted centroid of constituent airports for MRSP/MRRJ/MRBH, own coordinate for single-airport nodes",computed from OurAirports coordinates + ADR-0001 node definitions,https://davidmegginson.github.io/ourairports-data/airports.csv,2026-09-05,A
SBNT,SBFL,2797.91,"great-circle (haversine, R=6371.0088 km); node coordinate = simple unweighted centroid of constituent airports for MRSP/MRRJ/MRBH, own coordinate for single-airport nodes",computed from OurAirports coordinates + ADR-0001 node definitions,https://davidmegginson.github.io/ourairports-data/airports.csv,2026-09-05,A
SBNT,SBFZ,434.52,"great-circle (haversine, R=6371.0088 km); node coordinate = simple unweighted centroid of constituent airports for MRSP/MRRJ/MRBH, own coordinate for single-airport nodes",computed from OurAirports coordinates + ADR-0001 node definitions,https://davidmegginson.github.io/ourairports-data/airports.csv,2026-09-05,A
SBNT,SBGO,1932.58,"great-circle (haversine, R=6371.0088 km); node coordinate = simple unweighted centroid of constituent airports for MRSP/MRRJ/MRBH, own coordinate for single-airport nodes",computed from OurAirports coordinates + ADR-0001 node definitions,https://davidmegginson.github.io/ourairports-data/airports.csv,2026-09-05,A
SBNT,SBJP,141.44,"great-circle (haversine, R=6371.0088 km); node coordinate = simple unweighted centroid of constituent airports for MRSP/MRRJ/MRBH, own coordinate for single-airport nodes",computed from OurAirports coordinates + ADR-0001 node definitions,https://davidmegginson.github.io/ourairports-data/airports.csv,2026-09-05,A
SBNT,SBMO,404.89,"great-circle (haversine, R=6371.0088 km); node coordinate = simple unweighted centroid of constituent airports for MRSP/MRRJ/MRBH, own coordinate for single-airport nodes",computed from OurAirports coordinates + ADR-0001 node definitions,https://davidmegginson.github.io/ourairports-data/airports.csv,2026-09-05,A
SBNT,SBMQ,1877.44,"great-circle (haversine, R=6371.0088 km); node coordinate = simple unweighted centroid of constituent airports for MRSP/MRRJ/MRBH, own coordinate for single-airport nodes",computed from OurAirports coordinates + ADR-0001 node definitions,https://davidmegginson.github.io/ourairports-data/airports.csv,2026-09-05,A
SBNT,SBPA,3154.33,"great-circle (haversine, R=6371.0088 km); node coordinate = simple unweighted centroid of constituent airports for MRSP/MRRJ/MRBH, own coordinate for single-airport nodes",computed from OurAirports coordinates + ADR-0001 node definitions,https://davidmegginson.github.io/ourairports-data/airports.csv,2026-09-05,A
SBNT,SBPJ,1522.7,"great-circle (haversine, R=6371.0088 km); node coordinate = simple unweighted centroid of constituent airports for MRSP/MRRJ/MRBH, own coordinate for single-airport nodes",computed from OurAirports coordinates + ADR-0001 node definitions,https://davidmegginson.github.io/ourairports-data/airports.csv,2026-09-05,A
SBNT,SBPV,3174.75,"great-circle (haversine, R=6371.0088 km); node coordinate = simple unweighted centroid of constituent airports for MRSP/MRRJ/MRBH, own coordinate for single-airport nodes",computed from OurAirports coordinates + ADR-0001 node definitions,https://davidmegginson.github.io/ourairports-data/airports.csv,2026-09-05,A
SBNT,SBRB,3620.87,"great-circle (haversine, R=6371.0088 km); node coordinate = simple unweighted centroid of constituent airports for MRSP/MRRJ/MRBH, own coordinate for single-airport nodes",computed from OurAirports coordinates + ADR-0001 node definitions,https://davidmegginson.github.io/ourairports-data/airports.csv,2026-09-05,A
SBNT,SBRF,249.01,"great-circle (haversine, R=6371.0088 km); node coordinate = simple unweighted centroid of constituent airports for MRSP/MRRJ/MRBH, own coordinate for single-airport nodes",computed from OurAirports coordinates + ADR-0001 node definitions,https://davidmegginson.github.io/ourairports-data/airports.csv,2026-09-05,A
SBNT,SBSL,1062.83,"great-circle (haversine, R=6371.0088 km); node coordinate = simple unweighted centroid of constituent airports for MRSP/MRRJ/MRBH, own coordinate for single-airport nodes",computed from OurAirports coordinates + ADR-0001 node definitions,https://davidmegginson.github.io/ourairports-data/airports.csv,2026-09-05,A
SBNT,SBSV,847.93,"great-circle (haversine, R=6371.0088 km); node coordinate = simple unweighted centroid of constituent airports for MRSP/MRRJ/MRBH, own coordinate for single-airport nodes",computed from OurAirports coordinates + ADR-0001 node definitions,https://davidmegginson.github.io/ourairports-data/airports.csv,2026-09-05,A
SBNT,SBTE,843.87,"great-circle (haversine, R=6371.0088 km); node coordinate = simple unweighted centroid of constituent airports for MRSP/MRRJ/MRBH, own coordinate for single-airport nodes",computed from OurAirports coordinates + ADR-0001 node definitions,https://davidmegginson.github.io/ourairports-data/airports.csv,2026-09-05,A
SBNT,SBVT,1685.44,"great-circle (haversine, R=6371.0088 km); node coordinate = simple unweighted centroid of constituent airports for MRSP/MRRJ/MRBH, own coordinate for single-airport nodes",computed from OurAirports coordinates + ADR-0001 node definitions,https://davidmegginson.github.io/ourairports-data/airports.csv,2026-09-05,A
SBPA,MRBH,1351.18,"great-circle (haversine, R=6371.0088 km); node coordinate = simple unweighted centroid of constituent airports for MRSP/MRRJ/MRBH, own coordinate for single-airport nodes",computed from OurAirports coordinates + ADR-0001 node definitions,https://davidmegginson.github.io/ourairports-data/airports.csv,2026-09-05,A
SBPA,MRRJ,1120.71,"great-circle (haversine, R=6371.0088 km); node coordinate = simple unweighted centroid of constituent airports for MRSP/MRRJ/MRBH, own coordinate for single-airport nodes",computed from OurAirports coordinates + ADR-0001 node definitions,https://davidmegginson.github.io/ourairports-data/airports.csv,2026-09-05,A
SBPA,MRSP,858.42,"great-circle (haversine, R=6371.0088 km); node coordinate = simple unweighted centroid of constituent airports for MRSP/MRRJ/MRBH, own coordinate for single-airport nodes",computed from OurAirports coordinates + ADR-0001 node definitions,https://davidmegginson.github.io/ourairports-data/airports.csv,2026-09-05,A
SBPA,SBAR,2567.89,"great-circle (haversine, R=6371.0088 km); node coordinate = simple unweighted centroid of constituent airports for MRSP/MRRJ/MRBH, own coordinate for single-airport nodes",computed from OurAirports coordinates + ADR-0001 node definitions,https://davidmegginson.github.io/ourairports-data/airports.csv,2026-09-05,A
SBPA,SBBE,3194.5,"great-circle (haversine, R=6371.0088 km); node coordinate = simple unweighted centroid of constituent airports for MRSP/MRRJ/MRBH, own coordinate for single-airport nodes",computed from OurAirports coordinates + ADR-0001 node definitions,https://davidmegginson.github.io/ourairports-data/airports.csv,2026-09-05,A
SBPA,SBBR,1605.15,"great-circle (haversine, R=6371.0088 km); node coordinate = simple unweighted centroid of constituent airports for MRSP/MRRJ/MRBH, own coordinate for single-airport nodes",computed from OurAirports coordinates + ADR-0001 node definitions,https://davidmegginson.github.io/ourairports-data/airports.csv,2026-09-05,A
SBPA,SBBV,3789.41,"great-circle (haversine, R=6371.0088 km); node coordinate = simple unweighted centroid of constituent airports for MRSP/MRRJ/MRBH, own coordinate for single-airport nodes",computed from OurAirports coordinates + ADR-0001 node definitions,https://davidmegginson.github.io/ourairports-data/airports.csv,2026-09-05,A
SBPA,SBCG,1115.99,"great-circle (haversine, R=6371.0088 km); node coordinate = simple unweighted centroid of constituent airports for MRSP/MRRJ/MRBH, own coordinate for single-airport nodes",computed from OurAirports coordinates + ADR-0001 node definitions,https://davidmegginson.github.io/ourairports-data/airports.csv,2026-09-05,A
SBPA,SBCT,533.78,"great-circle (haversine, R=6371.0088 km); node coordinate = simple unweighted centroid of constituent airports for MRSP/MRRJ/MRBH, own coordinate for single-airport nodes",computed from OurAirports coordinates + ADR-0001 node definitions,https://davidmegginson.github.io/ourairports-data/airports.csv,2026-09-05,A
SBPA,SBCY,1672.76,"great-circle (haversine, R=6371.0088 km); node coordinate = simple unweighted centroid of constituent airports for MRSP/MRRJ/MRBH, own coordinate for single-airport nodes",computed from OurAirports coordinates + ADR-0001 node definitions,https://davidmegginson.github.io/ourairports-data/airports.csv,2026-09-05,A
SBPA,SBEG,3139.95,"great-circle (haversine, R=6371.0088 km); node coordinate = simple unweighted centroid of constituent airports for MRSP/MRRJ/MRBH, own coordinate for single-airport nodes",computed from OurAirports coordinates + ADR-0001 node definitions,https://davidmegginson.github.io/ourairports-data/airports.csv,2026-09-05,A
SBPA,SBFL,362.81,"great-circle (haversine, R=6371.0088 km); node coordinate = simple unweighted centroid of constituent airports for MRSP/MRRJ/MRBH, own coordinate for single-airport nodes",computed from OurAirports coordinates + ADR-0001 node definitions,https://davidmegginson.github.io/ourairports-data/airports.csv,2026-09-05,A
SBPA,SBFZ,3203.97,"great-circle (haversine, R=6371.0088 km); node coordinate = simple unweighted centroid of constituent airports for MRSP/MRRJ/MRBH, own coordinate for single-airport nodes",computed from OurAirports coordinates + ADR-0001 node definitions,https://davidmegginson.github.io/ourairports-data/airports.csv,2026-09-05,A
SBPA,SBGO,1498.93,"great-circle (haversine, R=6371.0088 km); node coordinate = simple unweighted centroid of constituent airports for MRSP/MRRJ/MRBH, own coordinate for single-airport nodes",computed from OurAirports coordinates + ADR-0001 node definitions,https://davidmegginson.github.io/ourairports-data/airports.csv,2026-09-05,A
SBPA,SBJP,3052.99,"great-circle (haversine, R=6371.0088 km); node coordinate = simple unweighted centroid of constituent airports for MRSP/MRRJ/MRBH, own coordinate for single-airport nodes",computed from OurAirports coordinates + ADR-0001 node definitions,https://davidmegginson.github.io/ourairports-data/airports.csv,2026-09-05,A
SBPA,SBMO,2781.3,"great-circle (haversine, R=6371.0088 km); node coordinate = simple unweighted centroid of constituent airports for MRSP/MRRJ/MRBH, own coordinate for single-airport nodes",computed from OurAirports coordinates + ADR-0001 node definitions,https://davidmegginson.github.io/ourairports-data/airports.csv,2026-09-05,A
SBPA,SBMQ,3340.83,"great-circle (haversine, R=6371.0088 km); node coordinate = simple unweighted centroid of constituent airports for MRSP/MRRJ/MRBH, own coordinate for single-airport nodes",computed from OurAirports coordinates + ADR-0001 node definitions,https://davidmegginson.github.io/ourairports-data/airports.csv,2026-09-05,A
SBPA,SBNT,3154.33,"great-circle (haversine, R=6371.0088 km); node coordinate = simple unweighted centroid of constituent airports for MRSP/MRRJ/MRBH, own coordinate for single-airport nodes",computed from OurAirports coordinates + ADR-0001 node definitions,https://davidmegginson.github.io/ourairports-data/airports.csv,2026-09-05,A
SBPA,SBPJ,2210.11,"great-circle (haversine, R=6371.0088 km); node coordinate = simple unweighted centroid of constituent airports for MRSP/MRRJ/MRBH, own coordinate for single-airport nodes",computed from OurAirports coordinates + ADR-0001 node definitions,https://davidmegginson.github.io/ourairports-data/airports.csv,2026-09-05,A
SBPA,SBPV,2712.54,"great-circle (haversine, R=6371.0088 km); node coordinate = simple unweighted centroid of constituent airports for MRSP/MRRJ/MRBH, own coordinate for single-airport nodes",computed from OurAirports coordinates + ADR-0001 node definitions,https://davidmegginson.github.io/ourairports-data/airports.csv,2026-09-05,A
SBPA,SBRB,2831.67,"great-circle (haversine, R=6371.0088 km); node coordinate = simple unweighted centroid of constituent airports for MRSP/MRRJ/MRBH, own coordinate for single-airport nodes",computed from OurAirports coordinates + ADR-0001 node definitions,https://davidmegginson.github.io/ourairports-data/airports.csv,2026-09-05,A
SBPA,SBRF,2962.48,"great-circle (haversine, R=6371.0088 km); node coordinate = simple unweighted centroid of constituent airports for MRSP/MRRJ/MRBH, own coordinate for single-airport nodes",computed from OurAirports coordinates + ADR-0001 node definitions,https://davidmegginson.github.io/ourairports-data/airports.csv,2026-09-05,A
SBPA,SBSL,3134.01,"great-circle (haversine, R=6371.0088 km); node coordinate = simple unweighted centroid of constituent airports for MRSP/MRRJ/MRBH, own coordinate for single-airport nodes",computed from OurAirports coordinates + ADR-0001 node definitions,https://davidmegginson.github.io/ourairports-data/airports.csv,2026-09-05,A
SBPA,SBSV,2314.35,"great-circle (haversine, R=6371.0088 km); node coordinate = simple unweighted centroid of constituent airports for MRSP/MRRJ/MRBH, own coordinate for single-airport nodes",computed from OurAirports coordinates + ADR-0001 node definitions,https://davidmegginson.github.io/ourairports-data/airports.csv,2026-09-05,A
SBPA,SBTE,2907.45,"great-circle (haversine, R=6371.0088 km); node coordinate = simple unweighted centroid of constituent airports for MRSP/MRRJ/MRBH, own coordinate for single-airport nodes",computed from OurAirports coordinates + ADR-0001 node definitions,https://davidmegginson.github.io/ourairports-data/airports.csv,2026-09-05,A
SBPA,SBVT,1538.45,"great-circle (haversine, R=6371.0088 km); node coordinate = simple unweighted centroid of constituent airports for MRSP/MRRJ/MRBH, own coordinate for single-airport nodes",computed from OurAirports coordinates + ADR-0001 node definitions,https://davidmegginson.github.io/ourairports-data/airports.csv,2026-09-05,A
SBPJ,MRBH,1151.99,"great-circle (haversine, R=6371.0088 km); node coordinate = simple unweighted centroid of constituent airports for MRSP/MRRJ/MRBH, own coordinate for single-airport nodes",computed from OurAirports coordinates + ADR-0001 node definitions,https://davidmegginson.github.io/ourairports-data/airports.csv,2026-09-05,A
SBPJ,MRRJ,1500.98,"great-circle (haversine, R=6371.0088 km); node coordinate = simple unweighted centroid of constituent airports for MRSP/MRRJ/MRBH, own coordinate for single-airport nodes",computed from OurAirports coordinates + ADR-0001 node definitions,https://davidmegginson.github.io/ourairports-data/airports.csv,2026-09-05,A
SBPJ,MRSP,1462.59,"great-circle (haversine, R=6371.0088 km); node coordinate = simple unweighted centroid of constituent airports for MRSP/MRRJ/MRBH, own coordinate for single-airport nodes",computed from OurAirports coordinates + ADR-0001 node definitions,https://davidmegginson.github.io/ourairports-data/airports.csv,2026-09-05,A
SBPJ,SBAR,1235.5,"great-circle (haversine, R=6371.0088 km); node coordinate = simple unweighted centroid of constituent airports for MRSP/MRRJ/MRBH, own coordinate for single-airport nodes",computed from OurAirports coordinates + ADR-0001 node definitions,https://davidmegginson.github.io/ourairports-data/airports.csv,2026-09-05,A
SBPJ,SBBE,991.08,"great-circle (haversine, R=6371.0088 km); node coordinate = simple unweighted centroid of constituent airports for MRSP/MRRJ/MRBH, own coordinate for single-airport nodes",computed from OurAirports coordinates + ADR-0001 node definitions,https://davidmegginson.github.io/ourairports-data/airports.csv,2026-09-05,A
SBPJ,SBBR,622.0,"great-circle (haversine, R=6371.0088 km); node coordinate = simple unweighted centroid of constituent airports for MRSP/MRRJ/MRBH, own coordinate for single-airport nodes",computed from OurAirports coordinates + ADR-0001 node definitions,https://davidmegginson.github.io/ourairports-data/airports.csv,2026-09-05,A
SBPJ,SBBV,1999.66,"great-circle (haversine, R=6371.0088 km); node coordinate = simple unweighted centroid of constituent airports for MRSP/MRRJ/MRBH, own coordinate for single-airport nodes",computed from OurAirports coordinates + ADR-0001 node definitions,https://davidmegginson.github.io/ourairports-data/airports.csv,2026-09-05,A
SBPJ,SBCG,1318.38,"great-circle (haversine, R=6371.0088 km); node coordinate = simple unweighted centroid of constituent airports for MRSP/MRRJ/MRBH, own coordinate for single-airport nodes",computed from OurAirports coordinates + ADR-0001 node definitions,https://davidmegginson.github.io/ourairports-data/airports.csv,2026-09-05,A
SBPJ,SBCT,1696.48,"great-circle (haversine, R=6371.0088 km); node coordinate = simple unweighted centroid of constituent airports for MRSP/MRRJ/MRBH, own coordinate for single-airport nodes",computed from OurAirports coordinates + ADR-0001 node definitions,https://davidmegginson.github.io/ourairports-data/airports.csv,2026-09-05,A
SBPJ,SBCY,1030.4,"great-circle (haversine, R=6371.0088 km); node coordinate = simple unweighted centroid of constituent airports for MRSP/MRRJ/MRBH, own coordinate for single-airport nodes",computed from OurAirports coordinates + ADR-0001 node definitions,https://davidmegginson.github.io/ourairports-data/airports.csv,2026-09-05,A
SBPJ,SBEG,1521.74,"great-circle (haversine, R=6371.0088 km); node coordinate = simple unweighted centroid of constituent airports for MRSP/MRRJ/MRBH, own coordinate for single-airport nodes",computed from OurAirports coordinates + ADR-0001 node definitions,https://davidmegginson.github.io/ourairports-data/airports.csv,2026-09-05,A
SBPJ,SBFL,1932.54,"great-circle (haversine, R=6371.0088 km); node coordinate = simple unweighted centroid of constituent airports for MRSP/MRRJ/MRBH, own coordinate for single-airport nodes",computed from OurAirports coordinates + ADR-0001 node definitions,https://davidmegginson.github.io/ourairports-data/airports.csv,2026-09-05,A
SBPJ,SBFZ,1303.51,"great-circle (haversine, R=6371.0088 km); node coordinate = simple unweighted centroid of constituent airports for MRSP/MRRJ/MRBH, own coordinate for single-airport nodes",computed from OurAirports coordinates + ADR-0001 node definitions,https://davidmegginson.github.io/ourairports-data/airports.csv,2026-09-05,A
SBPJ,SBGO,711.18,"great-circle (haversine, R=6371.0088 km); node coordinate = simple unweighted centroid of constituent airports for MRSP/MRRJ/MRBH, own coordinate for single-airport nodes",computed from OurAirports coordinates + ADR-0001 node definitions,https://davidmegginson.github.io/ourairports-data/airports.csv,2026-09-05,A
SBPJ,SBJP,1514.1,"great-circle (haversine, R=6371.0088 km); node coordinate = simple unweighted centroid of constituent airports for MRSP/MRRJ/MRBH, own coordinate for single-airport nodes",computed from OurAirports coordinates + ADR-0001 node definitions,https://davidmegginson.github.io/ourairports-data/airports.csv,2026-09-05,A
SBPJ,SBMO,1379.0,"great-circle (haversine, R=6371.0088 km); node coordinate = simple unweighted centroid of constituent airports for MRSP/MRRJ/MRBH, own coordinate for single-airport nodes",computed from OurAirports coordinates + ADR-0001 node definitions,https://davidmegginson.github.io/ourairports-data/airports.csv,2026-09-05,A
SBPJ,SBMQ,1188.56,"great-circle (haversine, R=6371.0088 km); node coordinate = simple unweighted centroid of constituent airports for MRSP/MRRJ/MRBH, own coordinate for single-airport nodes",computed from OurAirports coordinates + ADR-0001 node definitions,https://davidmegginson.github.io/ourairports-data/airports.csv,2026-09-05,A
SBPJ,SBNT,1522.7,"great-circle (haversine, R=6371.0088 km); node coordinate = simple unweighted centroid of constituent airports for MRSP/MRRJ/MRBH, own coordinate for single-airport nodes",computed from OurAirports coordinates + ADR-0001 node definitions,https://davidmegginson.github.io/ourairports-data/airports.csv,2026-09-05,A
SBPJ,SBPA,2210.11,"great-circle (haversine, R=6371.0088 km); node coordinate = simple unweighted centroid of constituent airports for MRSP/MRRJ/MRBH, own coordinate for single-airport nodes",computed from OurAirports coordinates + ADR-0001 node definitions,https://davidmegginson.github.io/ourairports-data/airports.csv,2026-09-05,A
SBPJ,SBPV,1713.72,"great-circle (haversine, R=6371.0088 km); node coordinate = simple unweighted centroid of constituent airports for MRSP/MRRJ/MRBH, own coordinate for single-airport nodes",computed from OurAirports coordinates + ADR-0001 node definitions,https://davidmegginson.github.io/ourairports-data/airports.csv,2026-09-05,A
SBPJ,SBRB,2139.07,"great-circle (haversine, R=6371.0088 km); node coordinate = simple unweighted centroid of constituent airports for MRSP/MRRJ/MRBH, own coordinate for single-airport nodes",computed from OurAirports coordinates + ADR-0001 node definitions,https://davidmegginson.github.io/ourairports-data/airports.csv,2026-09-05,A
SBPJ,SBRF,1493.87,"great-circle (haversine, R=6371.0088 km); node coordinate = simple unweighted centroid of constituent airports for MRSP/MRRJ/MRBH, own coordinate for single-airport nodes",computed from OurAirports coordinates + ADR-0001 node definitions,https://davidmegginson.github.io/ourairports-data/airports.csv,2026-09-05,A
SBPJ,SBSL,970.14,"great-circle (haversine, R=6371.0088 km); node coordinate = simple unweighted centroid of constituent airports for MRSP/MRRJ/MRBH, own coordinate for single-airport nodes",computed from OurAirports coordinates + ADR-0001 node definitions,https://davidmegginson.github.io/ourairports-data/airports.csv,2026-09-05,A
SBPJ,SBSV,1130.92,"great-circle (haversine, R=6371.0088 km); node coordinate = simple unweighted centroid of constituent airports for MRSP/MRRJ/MRBH, own coordinate for single-airport nodes",computed from OurAirports coordinates + ADR-0001 node definitions,https://davidmegginson.github.io/ourairports-data/airports.csv,2026-09-05,A
SBPJ,SBTE,842.55,"great-circle (haversine, R=6371.0088 km); node coordinate = simple unweighted centroid of constituent airports for MRSP/MRRJ/MRBH, own coordinate for single-airport nodes",computed from OurAirports coordinates + ADR-0001 node definitions,https://davidmegginson.github.io/ourairports-data/airports.csv,2026-09-05,A
SBPJ,SBVT,1405.52,"great-circle (haversine, R=6371.0088 km); node coordinate = simple unweighted centroid of constituent airports for MRSP/MRRJ/MRBH, own coordinate for single-airport nodes",computed from OurAirports coordinates + ADR-0001 node definitions,https://davidmegginson.github.io/ourairports-data/airports.csv,2026-09-05,A
SBPV,MRBH,2471.14,"great-circle (haversine, R=6371.0088 km); node coordinate = simple unweighted centroid of constituent airports for MRSP/MRRJ/MRBH, own coordinate for single-airport nodes",computed from OurAirports coordinates + ADR-0001 node definitions,https://davidmegginson.github.io/ourairports-data/airports.csv,2026-09-05,A
SBPV,MRRJ,2710.18,"great-circle (haversine, R=6371.0088 km); node coordinate = simple unweighted centroid of constituent airports for MRSP/MRRJ/MRBH, own coordinate for single-airport nodes",computed from OurAirports coordinates + ADR-0001 node definitions,https://davidmegginson.github.io/ourairports-data/airports.csv,2026-09-05,A
SBPV,MRSP,2446.78,"great-circle (haversine, R=6371.0088 km); node coordinate = simple unweighted centroid of constituent airports for MRSP/MRRJ/MRBH, own coordinate for single-airport nodes",computed from OurAirports coordinates + ADR-0001 node definitions,https://davidmegginson.github.io/ourairports-data/airports.csv,2026-09-05,A
SBPV,SBAR,2949.22,"great-circle (haversine, R=6371.0088 km); node coordinate = simple unweighted centroid of constituent airports for MRSP/MRRJ/MRBH, own coordinate for single-airport nodes",computed from OurAirports coordinates + ADR-0001 node definitions,https://davidmegginson.github.io/ourairports-data/airports.csv,2026-09-05,A
SBPV,SBBE,1891.96,"great-circle (haversine, R=6371.0088 km); node coordinate = simple unweighted centroid of constituent airports for MRSP/MRRJ/MRBH, own coordinate for single-airport nodes",computed from OurAirports coordinates + ADR-0001 node definitions,https://davidmegginson.github.io/ourairports-data/airports.csv,2026-09-05,A
SBPV,SBBR,1908.8,"great-circle (haversine, R=6371.0088 km); node coordinate = simple unweighted centroid of constituent airports for MRSP/MRRJ/MRBH, own coordinate for single-airport nodes",computed from OurAirports coordinates + ADR-0001 node definitions,https://davidmegginson.github.io/ourairports-data/airports.csv,2026-09-05,A
SBPV,SBBV,1333.24,"great-circle (haversine, R=6371.0088 km); node coordinate = simple unweighted centroid of constituent airports for MRSP/MRRJ/MRBH, own coordinate for single-airport nodes",computed from OurAirports coordinates + ADR-0001 node definitions,https://davidmegginson.github.io/ourairports-data/airports.csv,2026-09-05,A
SBPV,SBCG,1640.81,"great-circle (haversine, R=6371.0088 km); node coordinate = simple unweighted centroid of constituent airports for MRSP/MRRJ/MRBH, own coordinate for single-airport nodes",computed from OurAirports coordinates + ADR-0001 node definitions,https://davidmegginson.github.io/ourairports-data/airports.csv,2026-09-05,A
SBPV,SBCT,2433.78,"great-circle (haversine, R=6371.0088 km); node coordinate = simple unweighted centroid of constituent airports for MRSP/MRRJ/MRBH, own coordinate for single-airport nodes",computed from OurAirports coordinates + ADR-0001 node definitions,https://davidmegginson.github.io/ourairports-data/airports.csv,2026-09-05,A
SBPV,SBCY,1145.13,"great-circle (haversine, R=6371.0088 km); node coordinate = simple unweighted centroid of constituent airports for MRSP/MRRJ/MRBH, own coordinate for single-airport nodes",computed from OurAirports coordinates + ADR-0001 node definitions,https://davidmegginson.github.io/ourairports-data/airports.csv,2026-09-05,A
SBPV,SBEG,760.87,"great-circle (haversine, R=6371.0088 km); node coordinate = simple unweighted centroid of constituent airports for MRSP/MRRJ/MRBH, own coordinate for single-airport nodes",computed from OurAirports coordinates + ADR-0001 node definitions,https://davidmegginson.github.io/ourairports-data/airports.csv,2026-09-05,A
SBPV,SBFL,2653.58,"great-circle (haversine, R=6371.0088 km); node coordinate = simple unweighted centroid of constituent airports for MRSP/MRRJ/MRBH, own coordinate for single-airport nodes",computed from OurAirports coordinates + ADR-0001 node definitions,https://davidmegginson.github.io/ourairports-data/airports.csv,2026-09-05,A
SBPV,SBFZ,2856.29,"great-circle (haversine, R=6371.0088 km); node coordinate = simple unweighted centroid of constituent airports for MRSP/MRRJ/MRBH, own coordinate for single-airport nodes",computed from OurAirports coordinates + ADR-0001 node definitions,https://davidmegginson.github.io/ourairports-data/airports.csv,2026-09-05,A
SBPV,SBGO,1818.75,"great-circle (haversine, R=6371.0088 km); node coordinate = simple unweighted centroid of constituent airports for MRSP/MRRJ/MRBH, own coordinate for single-airport nodes",computed from OurAirports coordinates + ADR-0001 node definitions,https://davidmegginson.github.io/ourairports-data/airports.csv,2026-09-05,A
SBPV,SBJP,3192.47,"great-circle (haversine, R=6371.0088 km); node coordinate = simple unweighted centroid of constituent airports for MRSP/MRRJ/MRBH, own coordinate for single-airport nodes",computed from OurAirports coordinates + ADR-0001 node definitions,https://davidmegginson.github.io/ourairports-data/airports.csv,2026-09-05,A
SBPV,SBMO,3086.79,"great-circle (haversine, R=6371.0088 km); node coordinate = simple unweighted centroid of constituent airports for MRSP/MRRJ/MRBH, own coordinate for single-airport nodes",computed from OurAirports coordinates + ADR-0001 node definitions,https://davidmegginson.github.io/ourairports-data/airports.csv,2026-09-05,A
SBPV,SBMQ,1722.87,"great-circle (haversine, R=6371.0088 km); node coordinate = simple unweighted centroid of constituent airports for MRSP/MRRJ/MRBH, own coordinate for single-airport nodes",computed from OurAirports coordinates + ADR-0001 node definitions,https://davidmegginson.github.io/ourairports-data/airports.csv,2026-09-05,A
SBPV,SBNT,3174.75,"great-circle (haversine, R=6371.0088 km); node coordinate = simple unweighted centroid of constituent airports for MRSP/MRRJ/MRBH, own coordinate for single-airport nodes",computed from OurAirports coordinates + ADR-0001 node definitions,https://davidmegginson.github.io/ourairports-data/airports.csv,2026-09-05,A
SBPV,SBPA,2712.54,"great-circle (haversine, R=6371.0088 km); node coordinate = simple unweighted centroid of constituent airports for MRSP/MRRJ/MRBH, own coordinate for single-airport nodes",computed from OurAirports coordinates + ADR-0001 node definitions,https://davidmegginson.github.io/ourairports-data/airports.csv,2026-09-05,A
SBPV,SBPJ,1713.72,"great-circle (haversine, R=6371.0088 km); node coordinate = simple unweighted centroid of constituent airports for MRSP/MRRJ/MRBH, own coordinate for single-airport nodes",computed from OurAirports coordinates + ADR-0001 node definitions,https://davidmegginson.github.io/ourairports-data/airports.csv,2026-09-05,A
SBPV,SBRB,456.63,"great-circle (haversine, R=6371.0088 km); node coordinate = simple unweighted centroid of constituent airports for MRSP/MRRJ/MRBH, own coordinate for single-airport nodes",computed from OurAirports coordinates + ADR-0001 node definitions,https://davidmegginson.github.io/ourairports-data/airports.csv,2026-09-05,A
SBPV,SBRF,3187.54,"great-circle (haversine, R=6371.0088 km); node coordinate = simple unweighted centroid of constituent airports for MRSP/MRRJ/MRBH, own coordinate for single-airport nodes",computed from OurAirports coordinates + ADR-0001 node definitions,https://davidmegginson.github.io/ourairports-data/airports.csv,2026-09-05,A
SBPV,SBSL,2279.16,"great-circle (haversine, R=6371.0088 km); node coordinate = simple unweighted centroid of constituent airports for MRSP/MRRJ/MRBH, own coordinate for single-airport nodes",computed from OurAirports coordinates + ADR-0001 node definitions,https://davidmegginson.github.io/ourairports-data/airports.csv,2026-09-05,A
SBPV,SBSV,2831.15,"great-circle (haversine, R=6371.0088 km); node coordinate = simple unweighted centroid of constituent airports for MRSP/MRRJ/MRBH, own coordinate for single-airport nodes",computed from OurAirports coordinates + ADR-0001 node definitions,https://davidmegginson.github.io/ourairports-data/airports.csv,2026-09-05,A
SBPV,SBTE,2361.44,"great-circle (haversine, R=6371.0088 km); node coordinate = simple unweighted centroid of constituent airports for MRSP/MRRJ/MRBH, own coordinate for single-airport nodes",computed from OurAirports coordinates + ADR-0001 node definitions,https://davidmegginson.github.io/ourairports-data/airports.csv,2026-09-05,A
SBPV,SBVT,2842.94,"great-circle (haversine, R=6371.0088 km); node coordinate = simple unweighted centroid of constituent airports for MRSP/MRRJ/MRBH, own coordinate for single-airport nodes",computed from OurAirports coordinates + ADR-0001 node definitions,https://davidmegginson.github.io/ourairports-data/airports.csv,2026-09-05,A
SBRB,MRBH,2792.88,"great-circle (haversine, R=6371.0088 km); node coordinate = simple unweighted centroid of constituent airports for MRSP/MRRJ/MRBH, own coordinate for single-airport nodes",computed from OurAirports coordinates + ADR-0001 node definitions,https://davidmegginson.github.io/ourairports-data/airports.csv,2026-09-05,A
SBRB,MRRJ,2996.31,"great-circle (haversine, R=6371.0088 km); node coordinate = simple unweighted centroid of constituent airports for MRSP/MRRJ/MRBH, own coordinate for single-airport nodes",computed from OurAirports coordinates + ADR-0001 node definitions,https://davidmegginson.github.io/ourairports-data/airports.csv,2026-09-05,A
SBRB,MRSP,2699.77,"great-circle (haversine, R=6371.0088 km); node coordinate = simple unweighted centroid of constituent airports for MRSP/MRRJ/MRBH, own coordinate for single-airport nodes",computed from OurAirports coordinates + ADR-0001 node definitions,https://davidmegginson.github.io/ourairports-data/airports.csv,2026-09-05,A
SBRB,SBAR,3371.42,"great-circle (haversine, R=6371.0088 km); node coordinate = simple unweighted centroid of constituent airports for MRSP/MRRJ/MRBH, own coordinate for single-airport nodes",computed from OurAirports coordinates + ADR-0001 node definitions,https://davidmegginson.github.io/ourairports-data/airports.csv,2026-09-05,A
SBRB,SBBE,2345.04,"great-circle (haversine, R=6371.0088 km); node coordinate = simple unweighted centroid of constituent airports for MRSP/MRRJ/MRBH, own coordinate for single-airport nodes",computed from OurAirports coordinates + ADR-0001 node definitions,https://davidmegginson.github.io/ourairports-data/airports.csv,2026-09-05,A
SBRB,SBBR,2263.97,"great-circle (haversine, R=6371.0088 km); node coordinate = simple unweighted centroid of constituent airports for MRSP/MRRJ/MRBH, own coordinate for single-airport nodes",computed from OurAirports coordinates + ADR-0001 node definitions,https://davidmegginson.github.io/ourairports-data/airports.csv,2026-09-05,A
SBRB,SBBV,1623.43,"great-circle (haversine, R=6371.0088 km); node coordinate = simple unweighted centroid of constituent airports for MRSP/MRRJ/MRBH, own coordinate for single-airport nodes",computed from OurAirports coordinates + ADR-0001 node definitions,https://davidmegginson.github.io/ourairports-data/airports.csv,2026-09-05,A
SBRB,SBCG,1842.5,"great-circle (haversine, R=6371.0088 km); node coordinate = simple unweighted centroid of constituent airports for MRSP/MRRJ/MRBH, own coordinate for single-airport nodes",computed from OurAirports coordinates + ADR-0001 node definitions,https://davidmegginson.github.io/ourairports-data/airports.csv,2026-09-05,A
SBRB,SBCT,2632.17,"great-circle (haversine, R=6371.0088 km); node coordinate = simple unweighted centroid of constituent airports for MRSP/MRRJ/MRBH, own coordinate for single-airport nodes",computed from OurAirports coordinates + ADR-0001 node definitions,https://davidmegginson.github.io/ourairports-data/airports.csv,2026-09-05,A
SBRB,SBCY,1429.36,"great-circle (haversine, R=6371.0088 km); node coordinate = simple unweighted centroid of constituent airports for MRSP/MRRJ/MRBH, own coordinate for single-airport nodes",computed from OurAirports coordinates + ADR-0001 node definitions,https://davidmegginson.github.io/ourairports-data/airports.csv,2026-09-05,A
SBRB,SBEG,1152.0,"great-circle (haversine, R=6371.0088 km); node coordinate = simple unweighted centroid of constituent airports for MRSP/MRRJ/MRBH, own coordinate for single-airport nodes",computed from OurAirports coordinates + ADR-0001 node definitions,https://davidmegginson.github.io/ourairports-data/airports.csv,2026-09-05,A
SBRB,SBFL,2831.13,"great-circle (haversine, R=6371.0088 km); node coordinate = simple unweighted centroid of constituent airports for MRSP/MRRJ/MRBH, own coordinate for single-airport nodes",computed from OurAirports coordinates + ADR-0001 node definitions,https://davidmegginson.github.io/ourairports-data/airports.csv,2026-09-05,A
SBRB,SBFZ,3309.74,"great-circle (haversine, R=6371.0088 km); node coordinate = simple unweighted centroid of constituent airports for MRSP/MRRJ/MRBH, own coordinate for single-airport nodes",computed from OurAirports coordinates + ADR-0001 node definitions,https://davidmegginson.github.io/ourairports-data/airports.csv,2026-09-05,A
SBRB,SBGO,2154.74,"great-circle (haversine, R=6371.0088 km); node coordinate = simple unweighted centroid of constituent airports for MRSP/MRRJ/MRBH, own coordinate for single-airport nodes",computed from OurAirports coordinates + ADR-0001 node definitions,https://davidmegginson.github.io/ourairports-data/airports.csv,2026-09-05,A
SBRB,SBJP,3633.94,"great-circle (haversine, R=6371.0088 km); node coordinate = simple unweighted centroid of constituent airports for MRSP/MRRJ/MRBH, own coordinate for single-airport nodes",computed from OurAirports coordinates + ADR-0001 node definitions,https://davidmegginson.github.io/ourairports-data/airports.csv,2026-09-05,A
SBRB,SBMO,3517.54,"great-circle (haversine, R=6371.0088 km); node coordinate = simple unweighted centroid of constituent airports for MRSP/MRRJ/MRBH, own coordinate for single-airport nodes",computed from OurAirports coordinates + ADR-0001 node definitions,https://davidmegginson.github.io/ourairports-data/airports.csv,2026-09-05,A
SBRB,SBMQ,2163.5,"great-circle (haversine, R=6371.0088 km); node coordinate = simple unweighted centroid of constituent airports for MRSP/MRRJ/MRBH, own coordinate for single-airport nodes",computed from OurAirports coordinates + ADR-0001 node definitions,https://davidmegginson.github.io/ourairports-data/airports.csv,2026-09-05,A
SBRB,SBNT,3620.87,"great-circle (haversine, R=6371.0088 km); node coordinate = simple unweighted centroid of constituent airports for MRSP/MRRJ/MRBH, own coordinate for single-airport nodes",computed from OurAirports coordinates + ADR-0001 node definitions,https://davidmegginson.github.io/ourairports-data/airports.csv,2026-09-05,A
SBRB,SBPA,2831.67,"great-circle (haversine, R=6371.0088 km); node coordinate = simple unweighted centroid of constituent airports for MRSP/MRRJ/MRBH, own coordinate for single-airport nodes",computed from OurAirports coordinates + ADR-0001 node definitions,https://davidmegginson.github.io/ourairports-data/airports.csv,2026-09-05,A
SBRB,SBPJ,2139.07,"great-circle (haversine, R=6371.0088 km); node coordinate = simple unweighted centroid of constituent airports for MRSP/MRRJ/MRBH, own coordinate for single-airport nodes",computed from OurAirports coordinates + ADR-0001 node definitions,https://davidmegginson.github.io/ourairports-data/airports.csv,2026-09-05,A
SBRB,SBPV,456.63,"great-circle (haversine, R=6371.0088 km); node coordinate = simple unweighted centroid of constituent airports for MRSP/MRRJ/MRBH, own coordinate for single-airport nodes",computed from OurAirports coordinates + ADR-0001 node definitions,https://davidmegginson.github.io/ourairports-data/airports.csv,2026-09-05,A
SBRB,SBRF,3624.86,"great-circle (haversine, R=6371.0088 km); node coordinate = simple unweighted centroid of constituent airports for MRSP/MRRJ/MRBH, own coordinate for single-airport nodes",computed from OurAirports coordinates + ADR-0001 node definitions,https://davidmegginson.github.io/ourairports-data/airports.csv,2026-09-05,A
SBRB,SBSL,2735.78,"great-circle (haversine, R=6371.0088 km); node coordinate = simple unweighted centroid of constituent airports for MRSP/MRRJ/MRBH, own coordinate for single-airport nodes",computed from OurAirports coordinates + ADR-0001 node definitions,https://davidmegginson.github.io/ourairports-data/airports.csv,2026-09-05,A
SBRB,SBSV,3239.28,"great-circle (haversine, R=6371.0088 km); node coordinate = simple unweighted centroid of constituent airports for MRSP/MRRJ/MRBH, own coordinate for single-airport nodes",computed from OurAirports coordinates + ADR-0001 node definitions,https://davidmegginson.github.io/ourairports-data/airports.csv,2026-09-05,A
SBRB,SBTE,2814.1,"great-circle (haversine, R=6371.0088 km); node coordinate = simple unweighted centroid of constituent airports for MRSP/MRRJ/MRBH, own coordinate for single-airport nodes",computed from OurAirports coordinates + ADR-0001 node definitions,https://davidmegginson.github.io/ourairports-data/airports.csv,2026-09-05,A
SBRB,SBVT,3175.14,"great-circle (haversine, R=6371.0088 km); node coordinate = simple unweighted centroid of constituent airports for MRSP/MRRJ/MRBH, own coordinate for single-airport nodes",computed from OurAirports coordinates + ADR-0001 node definitions,https://davidmegginson.github.io/ourairports-data/airports.csv,2026-09-05,A
SBRF,MRBH,1617.16,"great-circle (haversine, R=6371.0088 km); node coordinate = simple unweighted centroid of constituent airports for MRSP/MRRJ/MRBH, own coordinate for single-airport nodes",computed from OurAirports coordinates + ADR-0001 node definitions,https://davidmegginson.github.io/ourairports-data/airports.csv,2026-09-05,A
SBRF,MRRJ,1861.76,"great-circle (haversine, R=6371.0088 km); node coordinate = simple unweighted centroid of constituent airports for MRSP/MRRJ/MRBH, own coordinate for single-airport nodes",computed from OurAirports coordinates + ADR-0001 node definitions,https://davidmegginson.github.io/ourairports-data/airports.csv,2026-09-05,A
SBRF,MRSP,2111.42,"great-circle (haversine, R=6371.0088 km); node coordinate = simple unweighted centroid of constituent airports for MRSP/MRRJ/MRBH, own coordinate for single-airport nodes",computed from OurAirports coordinates + ADR-0001 node definitions,https://davidmegginson.github.io/ourairports-data/airports.csv,2026-09-05,A
SBRF,SBAR,395.53,"great-circle (haversine, R=6371.0088 km); node coordinate = simple unweighted centroid of constituent airports for MRSP/MRRJ/MRBH, own coordinate for single-airport nodes",computed from OurAirports coordinates + ADR-0001 node definitions,https://davidmegginson.github.io/ourairports-data/airports.csv,2026-09-05,A
SBRF,SBBE,1678.07,"great-circle (haversine, R=6371.0088 km); node coordinate = simple unweighted centroid of constituent airports for MRSP/MRRJ/MRBH, own coordinate for single-airport nodes",computed from OurAirports coordinates + ADR-0001 node definitions,https://davidmegginson.github.io/ourairports-data/airports.csv,2026-09-05,A
SBRF,SBBR,1654.03,"great-circle (haversine, R=6371.0088 km); node coordinate = simple unweighted centroid of constituent airports for MRSP/MRRJ/MRBH, own coordinate for single-airport nodes",computed from OurAirports coordinates + ADR-0001 node definitions,https://davidmegginson.github.io/ourairports-data/airports.csv,2026-09-05,A
SBRF,SBBV,3107.33,"great-circle (haversine, R=6371.0088 km); node coordinate = simple unweighted centroid of constituent airports for MRSP/MRRJ/MRBH, own coordinate for single-airport nodes",computed from OurAirports coordinates + ADR-0001 node definitions,https://davidmegginson.github.io/ourairports-data/airports.csv,2026-09-05,A
SBRF,SBCG,2527.64,"great-circle (haversine, R=6371.0088 km); node coordinate = simple unweighted centroid of constituent airports for MRSP/MRRJ/MRBH, own coordinate for single-airport nodes",computed from OurAirports coordinates + ADR-0001 node definitions,https://davidmegginson.github.io/ourairports-data/airports.csv,2026-09-05,A
SBRF,SBCT,2453.87,"great-circle (haversine, R=6371.0088 km); node coordinate = simple unweighted centroid of constituent airports for MRSP/MRRJ/MRBH, own coordinate for single-airport nodes",computed from OurAirports coordinates + ADR-0001 node definitions,https://davidmegginson.github.io/ourairports-data/airports.csv,2026-09-05,A
SBRF,SBCY,2450.9,"great-circle (haversine, R=6371.0088 km); node coordinate = simple unweighted centroid of constituent airports for MRSP/MRRJ/MRBH, own coordinate for single-airport nodes",computed from OurAirports coordinates + ADR-0001 node definitions,https://davidmegginson.github.io/ourairports-data/airports.csv,2026-09-05,A
SBRF,SBEG,2836.57,"great-circle (haversine, R=6371.0088 km); node coordinate = simple unweighted centroid of constituent airports for MRSP/MRRJ/MRBH, own coordinate for single-airport nodes",computed from OurAirports coordinates + ADR-0001 node definitions,https://davidmegginson.github.io/ourairports-data/airports.csv,2026-09-05,A
SBRF,SBFL,2602.8,"great-circle (haversine, R=6371.0088 km); node coordinate = simple unweighted centroid of constituent airports for MRSP/MRRJ/MRBH, own coordinate for single-airport nodes",computed from OurAirports coordinates + ADR-0001 node definitions,https://davidmegginson.github.io/ourairports-data/airports.csv,2026-09-05,A
SBRF,SBFZ,627.21,"great-circle (haversine, R=6371.0088 km); node coordinate = simple unweighted centroid of constituent airports for MRSP/MRRJ/MRBH, own coordinate for single-airport nodes",computed from OurAirports coordinates + ADR-0001 node definitions,https://davidmegginson.github.io/ourairports-data/airports.csv,2026-09-05,A
SBRF,SBGO,1816.6,"great-circle (haversine, R=6371.0088 km); node coordinate = simple unweighted centroid of constituent airports for MRSP/MRRJ/MRBH, own coordinate for single-airport nodes",computed from OurAirports coordinates + ADR-0001 node definitions,https://davidmegginson.github.io/ourairports-data/airports.csv,2026-09-05,A
SBRF,SBJP,108.88,"great-circle (haversine, R=6371.0088 km); node coordinate = simple unweighted centroid of constituent airports for MRSP/MRRJ/MRBH, own coordinate for single-airport nodes",computed from OurAirports coordinates + ADR-0001 node definitions,https://davidmegginson.github.io/ourairports-data/airports.csv,2026-09-05,A
SBRF,SBMO,181.2,"great-circle (haversine, R=6371.0088 km); node coordinate = simple unweighted centroid of constituent airports for MRSP/MRRJ/MRBH, own coordinate for single-airport nodes",computed from OurAirports coordinates + ADR-0001 node definitions,https://davidmegginson.github.io/ourairports-data/airports.csv,2026-09-05,A
SBRF,SBMQ,2007.46,"great-circle (haversine, R=6371.0088 km); node coordinate = simple unweighted centroid of constituent airports for MRSP/MRRJ/MRBH, own coordinate for single-airport nodes",computed from OurAirports coordinates + ADR-0001 node definitions,https://davidmegginson.github.io/ourairports-data/airports.csv,2026-09-05,A
SBRF,SBNT,249.01,"great-circle (haversine, R=6371.0088 km); node coordinate = simple unweighted centroid of constituent airports for MRSP/MRRJ/MRBH, own coordinate for single-airport nodes",computed from OurAirports coordinates + ADR-0001 node definitions,https://davidmegginson.github.io/ourairports-data/airports.csv,2026-09-05,A
SBRF,SBPA,2962.48,"great-circle (haversine, R=6371.0088 km); node coordinate = simple unweighted centroid of constituent airports for MRSP/MRRJ/MRBH, own coordinate for single-airport nodes",computed from OurAirports coordinates + ADR-0001 node definitions,https://davidmegginson.github.io/ourairports-data/airports.csv,2026-09-05,A
SBRF,SBPJ,1493.87,"great-circle (haversine, R=6371.0088 km); node coordinate = simple unweighted centroid of constituent airports for MRSP/MRRJ/MRBH, own coordinate for single-airport nodes",computed from OurAirports coordinates + ADR-0001 node definitions,https://davidmegginson.github.io/ourairports-data/airports.csv,2026-09-05,A
SBRF,SBPV,3187.54,"great-circle (haversine, R=6371.0088 km); node coordinate = simple unweighted centroid of constituent airports for MRSP/MRRJ/MRBH, own coordinate for single-airport nodes",computed from OurAirports coordinates + ADR-0001 node definitions,https://davidmegginson.github.io/ourairports-data/airports.csv,2026-09-05,A
SBRF,SBRB,3624.86,"great-circle (haversine, R=6371.0088 km); node coordinate = simple unweighted centroid of constituent airports for MRSP/MRRJ/MRBH, own coordinate for single-airport nodes",computed from OurAirports coordinates + ADR-0001 node definitions,https://davidmegginson.github.io/ourairports-data/airports.csv,2026-09-05,A
SBRF,SBSL,1200.66,"great-circle (haversine, R=6371.0088 km); node coordinate = simple unweighted centroid of constituent airports for MRSP/MRRJ/MRBH, own coordinate for single-airport nodes",computed from OurAirports coordinates + ADR-0001 node definitions,https://davidmegginson.github.io/ourairports-data/airports.csv,2026-09-05,A
SBRF,SBSV,648.6,"great-circle (haversine, R=6371.0088 km); node coordinate = simple unweighted centroid of constituent airports for MRSP/MRRJ/MRBH, own coordinate for single-airport nodes",computed from OurAirports coordinates + ADR-0001 node definitions,https://davidmegginson.github.io/ourairports-data/airports.csv,2026-09-05,A
SBRF,SBTE,936.88,"great-circle (haversine, R=6371.0088 km); node coordinate = simple unweighted centroid of constituent airports for MRSP/MRRJ/MRBH, own coordinate for single-airport nodes",computed from OurAirports coordinates + ADR-0001 node definitions,https://davidmegginson.github.io/ourairports-data/airports.csv,2026-09-05,A
SBRF,SBVT,1466.98,"great-circle (haversine, R=6371.0088 km); node coordinate = simple unweighted centroid of constituent airports for MRSP/MRRJ/MRBH, own coordinate for single-airport nodes",computed from OurAirports coordinates + ADR-0001 node definitions,https://davidmegginson.github.io/ourairports-data/airports.csv,2026-09-05,A
SBSL,MRBH,1907.99,"great-circle (haversine, R=6371.0088 km); node coordinate = simple unweighted centroid of constituent airports for MRSP/MRRJ/MRBH, own coordinate for single-airport nodes",computed from OurAirports coordinates + ADR-0001 node definitions,https://davidmegginson.github.io/ourairports-data/airports.csv,2026-09-05,A
SBSL,MRRJ,2257.07,"great-circle (haversine, R=6371.0088 km); node coordinate = simple unweighted centroid of constituent airports for MRSP/MRRJ/MRBH, own coordinate for single-airport nodes",computed from OurAirports coordinates + ADR-0001 node definitions,https://davidmegginson.github.io/ourairports-data/airports.csv,2026-09-05,A
SBSL,MRSP,2325.28,"great-circle (haversine, R=6371.0088 km); node coordinate = simple unweighted centroid of constituent airports for MRSP/MRRJ/MRBH, own coordinate for single-airport nodes",computed from OurAirports coordinates + ADR-0001 node definitions,https://davidmegginson.github.io/ourairports-data/airports.csv,2026-09-05,A
SBSL,SBAR,1223.16,"great-circle (haversine, R=6371.0088 km); node coordinate = simple unweighted centroid of constituent airports for MRSP/MRRJ/MRBH, own coordinate for single-airport nodes",computed from OurAirports coordinates + ADR-0001 node definitions,https://davidmegginson.github.io/ourairports-data/airports.csv,2026-09-05,A
SBSL,SBBE,490.05,"great-circle (haversine, R=6371.0088 km); node coordinate = simple unweighted centroid of constituent airports for MRSP/MRRJ/MRBH, own coordinate for single-airport nodes",computed from OurAirports coordinates + ADR-0001 node definitions,https://davidmegginson.github.io/ourairports-data/airports.csv,2026-09-05,A
SBSL,SBBR,1531.12,"great-circle (haversine, R=6371.0088 km); node coordinate = simple unweighted centroid of constituent airports for MRSP/MRRJ/MRBH, own coordinate for single-airport nodes",computed from OurAirports coordinates + ADR-0001 node definitions,https://davidmegginson.github.io/ourairports-data/airports.csv,2026-09-05,A
SBSL,SBBV,1926.26,"great-circle (haversine, R=6371.0088 km); node coordinate = simple unweighted centroid of constituent airports for MRSP/MRRJ/MRBH, own coordinate for single-airport nodes",computed from OurAirports coordinates + ADR-0001 node definitions,https://davidmegginson.github.io/ourairports-data/airports.csv,2026-09-05,A
SBSL,SBCG,2288.23,"great-circle (haversine, R=6371.0088 km); node coordinate = simple unweighted centroid of constituent airports for MRSP/MRRJ/MRBH, own coordinate for single-airport nodes",computed from OurAirports coordinates + ADR-0001 node definitions,https://davidmegginson.github.io/ourairports-data/airports.csv,2026-09-05,A
SBSL,SBCT,2605.25,"great-circle (haversine, R=6371.0088 km); node coordinate = simple unweighted centroid of constituent airports for MRSP/MRRJ/MRBH, own coordinate for single-airport nodes",computed from OurAirports coordinates + ADR-0001 node definitions,https://davidmegginson.github.io/ourairports-data/airports.csv,2026-09-05,A
SBSL,SBCY,1950.53,"great-circle (haversine, R=6371.0088 km); node coordinate = simple unweighted centroid of constituent airports for MRSP/MRRJ/MRBH, own coordinate for single-airport nodes",computed from OurAirports coordinates + ADR-0001 node definitions,https://davidmegginson.github.io/ourairports-data/airports.csv,2026-09-05,A
SBSL,SBEG,1757.1,"great-circle (haversine, R=6371.0088 km); node coordinate = simple unweighted centroid of constituent airports for MRSP/MRRJ/MRBH, own coordinate for single-airport nodes",computed from OurAirports coordinates + ADR-0001 node definitions,https://davidmegginson.github.io/ourairports-data/airports.csv,2026-09-05,A
SBSL,SBFL,2826.7,"great-circle (haversine, R=6371.0088 km); node coordinate = simple unweighted centroid of constituent airports for MRSP/MRRJ/MRBH, own coordinate for single-airport nodes",computed from OurAirports coordinates + ADR-0001 node definitions,https://davidmegginson.github.io/ourairports-data/airports.csv,2026-09-05,A
SBSL,SBFZ,646.8,"great-circle (haversine, R=6371.0088 km); node coordinate = simple unweighted centroid of constituent airports for MRSP/MRRJ/MRBH, own coordinate for single-airport nodes",computed from OurAirports coordinates + ADR-0001 node definitions,https://davidmegginson.github.io/ourairports-data/airports.csv,2026-09-05,A
SBSL,SBGO,1654.2,"great-circle (haversine, R=6371.0088 km); node coordinate = simple unweighted centroid of constituent airports for MRSP/MRRJ/MRBH, own coordinate for single-airport nodes",computed from OurAirports coordinates + ADR-0001 node definitions,https://davidmegginson.github.io/ourairports-data/airports.csv,2026-09-05,A
SBSL,SBJP,1146.7,"great-circle (haversine, R=6371.0088 km); node coordinate = simple unweighted centroid of constituent airports for MRSP/MRRJ/MRBH, own coordinate for single-airport nodes",computed from OurAirports coordinates + ADR-0001 node definitions,https://davidmegginson.github.io/ourairports-data/airports.csv,2026-09-05,A
SBSL,SBMO,1209.82,"great-circle (haversine, R=6371.0088 km); node coordinate = simple unweighted centroid of constituent airports for MRSP/MRRJ/MRBH, own coordinate for single-airport nodes",computed from OurAirports coordinates + ADR-0001 node definitions,https://davidmegginson.github.io/ourairports-data/airports.csv,2026-09-05,A
SBSL,SBMQ,814.61,"great-circle (haversine, R=6371.0088 km); node coordinate = simple unweighted centroid of constituent airports for MRSP/MRRJ/MRBH, own coordinate for single-airport nodes",computed from OurAirports coordinates + ADR-0001 node definitions,https://davidmegginson.github.io/ourairports-data/airports.csv,2026-09-05,A
SBSL,SBNT,1062.83,"great-circle (haversine, R=6371.0088 km); node coordinate = simple unweighted centroid of constituent airports for MRSP/MRRJ/MRBH, own coordinate for single-airport nodes",computed from OurAirports coordinates + ADR-0001 node definitions,https://davidmegginson.github.io/ourairports-data/airports.csv,2026-09-05,A
SBSL,SBPA,3134.01,"great-circle (haversine, R=6371.0088 km); node coordinate = simple unweighted centroid of constituent airports for MRSP/MRRJ/MRBH, own coordinate for single-airport nodes",computed from OurAirports coordinates + ADR-0001 node definitions,https://davidmegginson.github.io/ourairports-data/airports.csv,2026-09-05,A
SBSL,SBPJ,970.14,"great-circle (haversine, R=6371.0088 km); node coordinate = simple unweighted centroid of constituent airports for MRSP/MRRJ/MRBH, own coordinate for single-airport nodes",computed from OurAirports coordinates + ADR-0001 node definitions,https://davidmegginson.github.io/ourairports-data/airports.csv,2026-09-05,A
SBSL,SBPV,2279.16,"great-circle (haversine, R=6371.0088 km); node coordinate = simple unweighted centroid of constituent airports for MRSP/MRRJ/MRBH, own coordinate for single-airport nodes",computed from OurAirports coordinates + ADR-0001 node definitions,https://davidmegginson.github.io/ourairports-data/airports.csv,2026-09-05,A
SBSL,SBRB,2735.78,"great-circle (haversine, R=6371.0088 km); node coordinate = simple unweighted centroid of constituent airports for MRSP/MRRJ/MRBH, own coordinate for single-airport nodes",computed from OurAirports coordinates + ADR-0001 node definitions,https://davidmegginson.github.io/ourairports-data/airports.csv,2026-09-05,A
SBSL,SBRF,1200.66,"great-circle (haversine, R=6371.0088 km); node coordinate = simple unweighted centroid of constituent airports for MRSP/MRRJ/MRBH, own coordinate for single-airport nodes",computed from OurAirports coordinates + ADR-0001 node definitions,https://davidmegginson.github.io/ourairports-data/airports.csv,2026-09-05,A
SBSL,SBSV,1319.3,"great-circle (haversine, R=6371.0088 km); node coordinate = simple unweighted centroid of constituent airports for MRSP/MRRJ/MRBH, own coordinate for single-airport nodes",computed from OurAirports coordinates + ADR-0001 node definitions,https://davidmegginson.github.io/ourairports-data/airports.csv,2026-09-05,A
SBSL,SBTE,316.52,"great-circle (haversine, R=6371.0088 km); node coordinate = simple unweighted centroid of constituent airports for MRSP/MRRJ/MRBH, own coordinate for single-airport nodes",computed from OurAirports coordinates + ADR-0001 node definitions,https://davidmegginson.github.io/ourairports-data/airports.csv,2026-09-05,A
SBSL,SBVT,2011.19,"great-circle (haversine, R=6371.0088 km); node coordinate = simple unweighted centroid of constituent airports for MRSP/MRRJ/MRBH, own coordinate for single-airport nodes",computed from OurAirports coordinates + ADR-0001 node definitions,https://davidmegginson.github.io/ourairports-data/airports.csv,2026-09-05,A
SBSV,MRBH,968.88,"great-circle (haversine, R=6371.0088 km); node coordinate = simple unweighted centroid of constituent airports for MRSP/MRRJ/MRBH, own coordinate for single-airport nodes",computed from OurAirports coordinates + ADR-0001 node definitions,https://davidmegginson.github.io/ourairports-data/airports.csv,2026-09-05,A
SBSV,MRRJ,1220.96,"great-circle (haversine, R=6371.0088 km); node coordinate = simple unweighted centroid of constituent airports for MRSP/MRRJ/MRBH, own coordinate for single-airport nodes",computed from OurAirports coordinates + ADR-0001 node definitions,https://davidmegginson.github.io/ourairports-data/airports.csv,2026-09-05,A
SBSV,MRSP,1462.88,"great-circle (haversine, R=6371.0088 km); node coordinate = simple unweighted centroid of constituent airports for MRSP/MRRJ/MRBH, own coordinate for single-airport nodes",computed from OurAirports coordinates + ADR-0001 node definitions,https://davidmegginson.github.io/ourairports-data/airports.csv,2026-09-05,A
SBSV,SBAR,253.54,"great-circle (haversine, R=6371.0088 km); node coordinate = simple unweighted centroid of constituent airports for MRSP/MRRJ/MRBH, own coordinate for single-airport nodes",computed from OurAirports coordinates + ADR-0001 node definitions,https://davidmegginson.github.io/ourairports-data/airports.csv,2026-09-05,A
SBSV,SBBE,1701.2,"great-circle (haversine, R=6371.0088 km); node coordinate = simple unweighted centroid of constituent airports for MRSP/MRRJ/MRBH, own coordinate for single-airport nodes",computed from OurAirports coordinates + ADR-0001 node definitions,https://davidmegginson.github.io/ourairports-data/airports.csv,2026-09-05,A
SBSV,SBBR,1084.75,"great-circle (haversine, R=6371.0088 km); node coordinate = simple unweighted centroid of constituent airports for MRSP/MRRJ/MRBH, own coordinate for single-airport nodes",computed from OurAirports coordinates + ADR-0001 node definitions,https://davidmegginson.github.io/ourairports-data/airports.csv,2026-09-05,A
SBSV,SBBV,3027.77,"great-circle (haversine, R=6371.0088 km); node coordinate = simple unweighted centroid of constituent airports for MRSP/MRRJ/MRBH, own coordinate for single-airport nodes",computed from OurAirports coordinates + ADR-0001 node definitions,https://davidmegginson.github.io/ourairports-data/airports.csv,2026-09-05,A
SBSV,SBCG,1932.06,"great-circle (haversine, R=6371.0088 km); node coordinate = simple unweighted centroid of constituent airports for MRSP/MRRJ/MRBH, own coordinate for single-airport nodes",computed from OurAirports coordinates + ADR-0001 node definitions,https://davidmegginson.github.io/ourairports-data/airports.csv,2026-09-05,A
SBSV,SBCT,1805.6,"great-circle (haversine, R=6371.0088 km); node coordinate = simple unweighted centroid of constituent airports for MRSP/MRRJ/MRBH, own coordinate for single-airport nodes",computed from OurAirports coordinates + ADR-0001 node definitions,https://davidmegginson.github.io/ourairports-data/airports.csv,2026-09-05,A
SBSV,SBCY,1940.93,"great-circle (haversine, R=6371.0088 km); node coordinate = simple unweighted centroid of constituent airports for MRSP/MRRJ/MRBH, own coordinate for single-airport nodes",computed from OurAirports coordinates + ADR-0001 node definitions,https://davidmegginson.github.io/ourairports-data/airports.csv,2026-09-05,A
SBSV,SBEG,2629.19,"great-circle (haversine, R=6371.0088 km); node coordinate = simple unweighted centroid of constituent airports for MRSP/MRRJ/MRBH, own coordinate for single-airport nodes",computed from OurAirports coordinates + ADR-0001 node definitions,https://davidmegginson.github.io/ourairports-data/airports.csv,2026-09-05,A
SBSV,SBFL,1955.35,"great-circle (haversine, R=6371.0088 km); node coordinate = simple unweighted centroid of constituent airports for MRSP/MRRJ/MRBH, own coordinate for single-airport nodes",computed from OurAirports coordinates + ADR-0001 node definitions,https://davidmegginson.github.io/ourairports-data/airports.csv,2026-09-05,A
SBSV,SBFZ,1015.78,"great-circle (haversine, R=6371.0088 km); node coordinate = simple unweighted centroid of constituent airports for MRSP/MRRJ/MRBH, own coordinate for single-airport nodes",computed from OurAirports coordinates + ADR-0001 node definitions,https://davidmegginson.github.io/ourairports-data/airports.csv,2026-09-05,A
SBSV,SBGO,1242.43,"great-circle (haversine, R=6371.0088 km); node coordinate = simple unweighted centroid of constituent airports for MRSP/MRRJ/MRBH, own coordinate for single-airport nodes",computed from OurAirports coordinates + ADR-0001 node definitions,https://davidmegginson.github.io/ourairports-data/airports.csv,2026-09-05,A
SBSV,SBJP,739.19,"great-circle (haversine, R=6371.0088 km); node coordinate = simple unweighted centroid of constituent airports for MRSP/MRRJ/MRBH, own coordinate for single-airport nodes",computed from OurAirports coordinates + ADR-0001 node definitions,https://davidmegginson.github.io/ourairports-data/airports.csv,2026-09-05,A
SBSV,SBMO,467.72,"great-circle (haversine, R=6371.0088 km); node coordinate = simple unweighted centroid of constituent airports for MRSP/MRRJ/MRBH, own coordinate for single-airport nodes",computed from OurAirports coordinates + ADR-0001 node definitions,https://davidmegginson.github.io/ourairports-data/airports.csv,2026-09-05,A
SBSV,SBMQ,2013.03,"great-circle (haversine, R=6371.0088 km); node coordinate = simple unweighted centroid of constituent airports for MRSP/MRRJ/MRBH, own coordinate for single-airport nodes",computed from OurAirports coordinates + ADR-0001 node definitions,https://davidmegginson.github.io/ourairports-data/airports.csv,2026-09-05,A
SBSV,SBNT,847.93,"great-circle (haversine, R=6371.0088 km); node coordinate = simple unweighted centroid of constituent airports for MRSP/MRRJ/MRBH, own coordinate for single-airport nodes",computed from OurAirports coordinates + ADR-0001 node definitions,https://davidmegginson.github.io/ourairports-data/airports.csv,2026-09-05,A
SBSV,SBPA,2314.35,"great-circle (haversine, R=6371.0088 km); node coordinate = simple unweighted centroid of constituent airports for MRSP/MRRJ/MRBH, own coordinate for single-airport nodes",computed from OurAirports coordinates + ADR-0001 node definitions,https://davidmegginson.github.io/ourairports-data/airports.csv,2026-09-05,A
SBSV,SBPJ,1130.92,"great-circle (haversine, R=6371.0088 km); node coordinate = simple unweighted centroid of constituent airports for MRSP/MRRJ/MRBH, own coordinate for single-airport nodes",computed from OurAirports coordinates + ADR-0001 node definitions,https://davidmegginson.github.io/ourairports-data/airports.csv,2026-09-05,A
SBSV,SBPV,2831.15,"great-circle (haversine, R=6371.0088 km); node coordinate = simple unweighted centroid of constituent airports for MRSP/MRRJ/MRBH, own coordinate for single-airport nodes",computed from OurAirports coordinates + ADR-0001 node definitions,https://davidmegginson.github.io/ourairports-data/airports.csv,2026-09-05,A
SBSV,SBRB,3239.28,"great-circle (haversine, R=6371.0088 km); node coordinate = simple unweighted centroid of constituent airports for MRSP/MRRJ/MRBH, own coordinate for single-airport nodes",computed from OurAirports coordinates + ADR-0001 node definitions,https://davidmegginson.github.io/ourairports-data/airports.csv,2026-09-05,A
SBSV,SBRF,648.6,"great-circle (haversine, R=6371.0088 km); node coordinate = simple unweighted centroid of constituent airports for MRSP/MRRJ/MRBH, own coordinate for single-airport nodes",computed from OurAirports coordinates + ADR-0001 node definitions,https://davidmegginson.github.io/ourairports-data/airports.csv,2026-09-05,A
SBSV,SBSL,1319.3,"great-circle (haversine, R=6371.0088 km); node coordinate = simple unweighted centroid of constituent airports for MRSP/MRRJ/MRBH, own coordinate for single-airport nodes",computed from OurAirports coordinates + ADR-0001 node definitions,https://davidmegginson.github.io/ourairports-data/airports.csv,2026-09-05,A
SBSV,SBTE,1002.79,"great-circle (haversine, R=6371.0088 km); node coordinate = simple unweighted centroid of constituent airports for MRSP/MRRJ/MRBH, own coordinate for single-airport nodes",computed from OurAirports coordinates + ADR-0001 node definitions,https://davidmegginson.github.io/ourairports-data/airports.csv,2026-09-05,A
SBSV,SBVT,843.51,"great-circle (haversine, R=6371.0088 km); node coordinate = simple unweighted centroid of constituent airports for MRSP/MRRJ/MRBH, own coordinate for single-airport nodes",computed from OurAirports coordinates + ADR-0001 node definitions,https://davidmegginson.github.io/ourairports-data/airports.csv,2026-09-05,A
SBTE,MRBH,1637.29,"great-circle (haversine, R=6371.0088 km); node coordinate = simple unweighted centroid of constituent airports for MRSP/MRRJ/MRBH, own coordinate for single-airport nodes",computed from OurAirports coordinates + ADR-0001 node definitions,https://davidmegginson.github.io/ourairports-data/airports.csv,2026-09-05,A
SBTE,MRRJ,1979.69,"great-circle (haversine, R=6371.0088 km); node coordinate = simple unweighted centroid of constituent airports for MRSP/MRRJ/MRBH, own coordinate for single-airport nodes",computed from OurAirports coordinates + ADR-0001 node definitions,https://davidmegginson.github.io/ourairports-data/airports.csv,2026-09-05,A
SBTE,MRSP,2077.52,"great-circle (haversine, R=6371.0088 km); node coordinate = simple unweighted centroid of constituent airports for MRSP/MRRJ/MRBH, own coordinate for single-airport nodes",computed from OurAirports coordinates + ADR-0001 node definitions,https://davidmegginson.github.io/ourairports-data/airports.csv,2026-09-05,A
SBTE,SBAR,913.47,"great-circle (haversine, R=6371.0088 km); node coordinate = simple unweighted centroid of constituent airports for MRSP/MRRJ/MRBH, own coordinate for single-airport nodes",computed from OurAirports coordinates + ADR-0001 node definitions,https://davidmegginson.github.io/ourairports-data/airports.csv,2026-09-05,A
SBTE,SBBE,749.13,"great-circle (haversine, R=6371.0088 km); node coordinate = simple unweighted centroid of constituent airports for MRSP/MRRJ/MRBH, own coordinate for single-airport nodes",computed from OurAirports coordinates + ADR-0001 node definitions,https://davidmegginson.github.io/ourairports-data/airports.csv,2026-09-05,A
SBTE,SBBR,1324.45,"great-circle (haversine, R=6371.0088 km); node coordinate = simple unweighted centroid of constituent airports for MRSP/MRRJ/MRBH, own coordinate for single-airport nodes",computed from OurAirports coordinates + ADR-0001 node definitions,https://davidmegginson.github.io/ourairports-data/airports.csv,2026-09-05,A
SBTE,SBBV,2170.76,"great-circle (haversine, R=6371.0088 km); node coordinate = simple unweighted centroid of constituent airports for MRSP/MRRJ/MRBH, own coordinate for single-airport nodes",computed from OurAirports coordinates + ADR-0001 node definitions,https://davidmegginson.github.io/ourairports-data/airports.csv,2026-09-05,A
SBTE,SBCG,2139.11,"great-circle (haversine, R=6371.0088 km); node coordinate = simple unweighted centroid of constituent airports for MRSP/MRRJ/MRBH, own coordinate for single-airport nodes",computed from OurAirports coordinates + ADR-0001 node definitions,https://davidmegginson.github.io/ourairports-data/airports.csv,2026-09-05,A
SBTE,SBCT,2374.47,"great-circle (haversine, R=6371.0088 km); node coordinate = simple unweighted centroid of constituent airports for MRSP/MRRJ/MRBH, own coordinate for single-airport nodes",computed from OurAirports coordinates + ADR-0001 node definitions,https://davidmegginson.github.io/ourairports-data/airports.csv,2026-09-05,A
SBTE,SBCY,1869.38,"great-circle (haversine, R=6371.0088 km); node coordinate = simple unweighted centroid of constituent airports for MRSP/MRRJ/MRBH, own coordinate for single-airport nodes",computed from OurAirports coordinates + ADR-0001 node definitions,https://davidmegginson.github.io/ourairports-data/airports.csv,2026-09-05,A
SBTE,SBEG,1923.71,"great-circle (haversine, R=6371.0088 km); node coordinate = simple unweighted centroid of constituent airports for MRSP/MRRJ/MRBH, own coordinate for single-airport nodes",computed from OurAirports coordinates + ADR-0001 node definitions,https://davidmegginson.github.io/ourairports-data/airports.csv,2026-09-05,A
SBTE,SBFL,2586.16,"great-circle (haversine, R=6371.0088 km); node coordinate = simple unweighted centroid of constituent airports for MRSP/MRRJ/MRBH, own coordinate for single-airport nodes",computed from OurAirports coordinates + ADR-0001 node definitions,https://davidmegginson.github.io/ourairports-data/airports.csv,2026-09-05,A
SBTE,SBFZ,496.74,"great-circle (haversine, R=6371.0088 km); node coordinate = simple unweighted centroid of constituent airports for MRSP/MRRJ/MRBH, own coordinate for single-airport nodes",computed from OurAirports coordinates + ADR-0001 node definitions,https://davidmegginson.github.io/ourairports-data/airports.csv,2026-09-05,A
SBTE,SBGO,1463.5,"great-circle (haversine, R=6371.0088 km); node coordinate = simple unweighted centroid of constituent airports for MRSP/MRRJ/MRBH, own coordinate for single-airport nodes",computed from OurAirports coordinates + ADR-0001 node definitions,https://davidmegginson.github.io/ourairports-data/airports.csv,2026-09-05,A
SBTE,SBJP,900.88,"great-circle (haversine, R=6371.0088 km); node coordinate = simple unweighted centroid of constituent airports for MRSP/MRRJ/MRBH, own coordinate for single-airport nodes",computed from OurAirports coordinates + ADR-0001 node definitions,https://davidmegginson.github.io/ourairports-data/airports.csv,2026-09-05,A
SBTE,SBMO,919.96,"great-circle (haversine, R=6371.0088 km); node coordinate = simple unweighted centroid of constituent airports for MRSP/MRRJ/MRBH, own coordinate for single-airport nodes",computed from OurAirports coordinates + ADR-0001 node definitions,https://davidmegginson.github.io/ourairports-data/airports.csv,2026-09-05,A
SBTE,SBMQ,1077.98,"great-circle (haversine, R=6371.0088 km); node coordinate = simple unweighted centroid of constituent airports for MRSP/MRRJ/MRBH, own coordinate for single-airport nodes",computed from OurAirports coordinates + ADR-0001 node definitions,https://davidmegginson.github.io/ourairports-data/airports.csv,2026-09-05,A
SBTE,SBNT,843.87,"great-circle (haversine, R=6371.0088 km); node coordinate = simple unweighted centroid of constituent airports for MRSP/MRRJ/MRBH, own coordinate for single-airport nodes",computed from OurAirports coordinates + ADR-0001 node definitions,https://davidmegginson.github.io/ourairports-data/airports.csv,2026-09-05,A
SBTE,SBPA,2907.45,"great-circle (haversine, R=6371.0088 km); node coordinate = simple unweighted centroid of constituent airports for MRSP/MRRJ/MRBH, own coordinate for single-airport nodes",computed from OurAirports coordinates + ADR-0001 node definitions,https://davidmegginson.github.io/ourairports-data/airports.csv,2026-09-05,A
SBTE,SBPJ,842.55,"great-circle (haversine, R=6371.0088 km); node coordinate = simple unweighted centroid of constituent airports for MRSP/MRRJ/MRBH, own coordinate for single-airport nodes",computed from OurAirports coordinates + ADR-0001 node definitions,https://davidmegginson.github.io/ourairports-data/airports.csv,2026-09-05,A
SBTE,SBPV,2361.44,"great-circle (haversine, R=6371.0088 km); node coordinate = simple unweighted centroid of constituent airports for MRSP/MRRJ/MRBH, own coordinate for single-airport nodes",computed from OurAirports coordinates + ADR-0001 node definitions,https://davidmegginson.github.io/ourairports-data/airports.csv,2026-09-05,A
SBTE,SBRB,2814.1,"great-circle (haversine, R=6371.0088 km); node coordinate = simple unweighted centroid of constituent airports for MRSP/MRRJ/MRBH, own coordinate for single-airport nodes",computed from OurAirports coordinates + ADR-0001 node definitions,https://davidmegginson.github.io/ourairports-data/airports.csv,2026-09-05,A
SBTE,SBRF,936.88,"great-circle (haversine, R=6371.0088 km); node coordinate = simple unweighted centroid of constituent airports for MRSP/MRRJ/MRBH, own coordinate for single-airport nodes",computed from OurAirports coordinates + ADR-0001 node definitions,https://davidmegginson.github.io/ourairports-data/airports.csv,2026-09-05,A
SBTE,SBSL,316.52,"great-circle (haversine, R=6371.0088 km); node coordinate = simple unweighted centroid of constituent airports for MRSP/MRRJ/MRBH, own coordinate for single-airport nodes",computed from OurAirports coordinates + ADR-0001 node definitions,https://davidmegginson.github.io/ourairports-data/airports.csv,2026-09-05,A
SBTE,SBSV,1002.79,"great-circle (haversine, R=6371.0088 km); node coordinate = simple unweighted centroid of constituent airports for MRSP/MRRJ/MRBH, own coordinate for single-airport nodes",computed from OurAirports coordinates + ADR-0001 node definitions,https://davidmegginson.github.io/ourairports-data/airports.csv,2026-09-05,A
SBTE,SBVT,1712.06,"great-circle (haversine, R=6371.0088 km); node coordinate = simple unweighted centroid of constituent airports for MRSP/MRRJ/MRBH, own coordinate for single-airport nodes",computed from OurAirports coordinates + ADR-0001 node definitions,https://davidmegginson.github.io/ourairports-data/airports.csv,2026-09-05,A
SBVT,MRBH,388.09,"great-circle (haversine, R=6371.0088 km); node coordinate = simple unweighted centroid of constituent airports for MRSP/MRRJ/MRBH, own coordinate for single-airport nodes",computed from OurAirports coordinates + ADR-0001 node definitions,https://davidmegginson.github.io/ourairports-data/airports.csv,2026-09-05,A
SBVT,MRRJ,418.32,"great-circle (haversine, R=6371.0088 km); node coordinate = simple unweighted centroid of constituent airports for MRSP/MRRJ/MRBH, own coordinate for single-airport nodes",computed from OurAirports coordinates + ADR-0001 node definitions,https://davidmegginson.github.io/ourairports-data/airports.csv,2026-09-05,A
SBVT,MRSP,751.19,"great-circle (haversine, R=6371.0088 km); node coordinate = simple unweighted centroid of constituent airports for MRSP/MRRJ/MRBH, own coordinate for single-airport nodes",computed from OurAirports coordinates + ADR-0001 node definitions,https://davidmegginson.github.io/ourairports-data/airports.csv,2026-09-05,A
SBVT,SBAR,1086.94,"great-circle (haversine, R=6371.0088 km); node coordinate = simple unweighted centroid of constituent airports for MRSP/MRRJ/MRBH, own coordinate for single-airport nodes",computed from OurAirports coordinates + ADR-0001 node definitions,https://davidmegginson.github.io/ourairports-data/airports.csv,2026-09-05,A
SBVT,SBBE,2280.13,"great-circle (haversine, R=6371.0088 km); node coordinate = simple unweighted centroid of constituent airports for MRSP/MRRJ/MRBH, own coordinate for single-airport nodes",computed from OurAirports coordinates + ADR-0001 node definitions,https://davidmegginson.github.io/ourairports-data/airports.csv,2026-09-05,A
SBVT,SBBR,943.0,"great-circle (haversine, R=6371.0088 km); node coordinate = simple unweighted centroid of constituent airports for MRSP/MRRJ/MRBH, own coordinate for single-airport nodes",computed from OurAirports coordinates + ADR-0001 node definitions,https://davidmegginson.github.io/ourairports-data/airports.csv,2026-09-05,A
SBVT,SBBV,3399.4,"great-circle (haversine, R=6371.0088 km); node coordinate = simple unweighted centroid of constituent airports for MRSP/MRRJ/MRBH, own coordinate for single-airport nodes",computed from OurAirports coordinates + ADR-0001 node definitions,https://davidmegginson.github.io/ourairports-data/airports.csv,2026-09-05,A
SBVT,SBCG,1499.69,"great-circle (haversine, R=6371.0088 km); node coordinate = simple unweighted centroid of constituent airports for MRSP/MRRJ/MRBH, own coordinate for single-airport nodes",computed from OurAirports coordinates + ADR-0001 node definitions,https://davidmegginson.github.io/ourairports-data/airports.csv,2026-09-05,A
SBVT,SBCT,1082.48,"great-circle (haversine, R=6371.0088 km); node coordinate = simple unweighted centroid of constituent airports for MRSP/MRRJ/MRBH, own coordinate for single-airport nodes",computed from OurAirports coordinates + ADR-0001 node definitions,https://davidmegginson.github.io/ourairports-data/airports.csv,2026-09-05,A
SBVT,SBCY,1750.15,"great-circle (haversine, R=6371.0088 km); node coordinate = simple unweighted centroid of constituent airports for MRSP/MRRJ/MRBH, own coordinate for single-airport nodes",computed from OurAirports coordinates + ADR-0001 node definitions,https://davidmegginson.github.io/ourairports-data/airports.csv,2026-09-05,A
SBVT,SBEG,2873.65,"great-circle (haversine, R=6371.0088 km); node coordinate = simple unweighted centroid of constituent airports for MRSP/MRRJ/MRBH, own coordinate for single-airport nodes",computed from OurAirports coordinates + ADR-0001 node definitions,https://davidmegginson.github.io/ourairports-data/airports.csv,2026-09-05,A
SBVT,SBFL,1176.12,"great-circle (haversine, R=6371.0088 km); node coordinate = simple unweighted centroid of constituent airports for MRSP/MRRJ/MRBH, own coordinate for single-airport nodes",computed from OurAirports coordinates + ADR-0001 node definitions,https://davidmegginson.github.io/ourairports-data/airports.csv,2026-09-05,A
SBVT,SBFZ,1842.55,"great-circle (haversine, R=6371.0088 km); node coordinate = simple unweighted centroid of constituent airports for MRSP/MRRJ/MRBH, own coordinate for single-airport nodes",computed from OurAirports coordinates + ADR-0001 node definitions,https://davidmegginson.github.io/ourairports-data/airports.csv,2026-09-05,A
SBVT,SBGO,1024.9,"great-circle (haversine, R=6371.0088 km); node coordinate = simple unweighted centroid of constituent airports for MRSP/MRRJ/MRBH, own coordinate for single-airport nodes",computed from OurAirports coordinates + ADR-0001 node definitions,https://davidmegginson.github.io/ourairports-data/airports.csv,2026-09-05,A
SBVT,SBJP,1566.92,"great-circle (haversine, R=6371.0088 km); node coordinate = simple unweighted centroid of constituent airports for MRSP/MRRJ/MRBH, own coordinate for single-airport nodes",computed from OurAirports coordinates + ADR-0001 node definitions,https://davidmegginson.github.io/ourairports-data/airports.csv,2026-09-05,A
SBVT,SBMO,1288.39,"great-circle (haversine, R=6371.0088 km); node coordinate = simple unweighted centroid of constituent airports for MRSP/MRRJ/MRBH, own coordinate for single-airport nodes",computed from OurAirports coordinates + ADR-0001 node definitions,https://davidmegginson.github.io/ourairports-data/airports.csv,2026-09-05,A
SBVT,SBMQ,2545.17,"great-circle (haversine, R=6371.0088 km); node coordinate = simple unweighted centroid of constituent airports for MRSP/MRRJ/MRBH, own coordinate for single-airport nodes",computed from OurAirports coordinates + ADR-0001 node definitions,https://davidmegginson.github.io/ourairports-data/airports.csv,2026-09-05,A
SBVT,SBNT,1685.44,"great-circle (haversine, R=6371.0088 km); node coordinate = simple unweighted centroid of constituent airports for MRSP/MRRJ/MRBH, own coordinate for single-airport nodes",computed from OurAirports coordinates + ADR-0001 node definitions,https://davidmegginson.github.io/ourairports-data/airports.csv,2026-09-05,A
SBVT,SBPA,1538.45,"great-circle (haversine, R=6371.0088 km); node coordinate = simple unweighted centroid of constituent airports for MRSP/MRRJ/MRBH, own coordinate for single-airport nodes",computed from OurAirports coordinates + ADR-0001 node definitions,https://davidmegginson.github.io/ourairports-data/airports.csv,2026-09-05,A
SBVT,SBPJ,1405.52,"great-circle (haversine, R=6371.0088 km); node coordinate = simple unweighted centroid of constituent airports for MRSP/MRRJ/MRBH, own coordinate for single-airport nodes",computed from OurAirports coordinates + ADR-0001 node definitions,https://davidmegginson.github.io/ourairports-data/airports.csv,2026-09-05,A
SBVT,SBPV,2842.94,"great-circle (haversine, R=6371.0088 km); node coordinate = simple unweighted centroid of constituent airports for MRSP/MRRJ/MRBH, own coordinate for single-airport nodes",computed from OurAirports coordinates + ADR-0001 node definitions,https://davidmegginson.github.io/ourairports-data/airports.csv,2026-09-05,A
SBVT,SBRB,3175.14,"great-circle (haversine, R=6371.0088 km); node coordinate = simple unweighted centroid of constituent airports for MRSP/MRRJ/MRBH, own coordinate for single-airport nodes",computed from OurAirports coordinates + ADR-0001 node definitions,https://davidmegginson.github.io/ourairports-data/airports.csv,2026-09-05,A
SBVT,SBRF,1466.98,"great-circle (haversine, R=6371.0088 km); node coordinate = simple unweighted centroid of constituent airports for MRSP/MRRJ/MRBH, own coordinate for single-airport nodes",computed from OurAirports coordinates + ADR-0001 node definitions,https://davidmegginson.github.io/ourairports-data/airports.csv,2026-09-05,A
SBVT,SBSL,2011.19,"great-circle (haversine, R=6371.0088 km); node coordinate = simple unweighted centroid of constituent airports for MRSP/MRRJ/MRBH, own coordinate for single-airport nodes",computed from OurAirports coordinates + ADR-0001 node definitions,https://davidmegginson.github.io/ourairports-data/airports.csv,2026-09-05,A
SBVT,SBSV,843.51,"great-circle (haversine, R=6371.0088 km); node coordinate = simple unweighted centroid of constituent airports for MRSP/MRRJ/MRBH, own coordinate for single-airport nodes",computed from OurAirports coordinates + ADR-0001 node definitions,https://davidmegginson.github.io/ourairports-data/airports.csv,2026-09-05,A
SBVT,SBTE,1712.06,"great-circle (haversine, R=6371.0088 km); node coordinate = simple unweighted centroid of constituent airports for MRSP/MRRJ/MRBH, own coordinate for single-airport nodes",computed from OurAirports coordinates + ADR-0001 node definitions,https://davidmegginson.github.io/ourairports-data/airports.csv,2026-09-05,A
